molecule_chembl_id,canonical_smiles,standardized_smiles,pIC50,scaffold
CHEMBL2114210,OC[C@H]1N[C@H](CO)[C@@H](O)C(O)[C@@H]1O,OC[C@H]1N[C@H](CO)[C@@H](O)C(O)[C@@H]1O,3.958607314841775,cluster_based
CHEMBL87169,OCC1NC(CO)[C@@H](O)C(O)C1O,OCC1NC(CO)[C@@H](O)C(O)C1O,6.154901959985743,cluster_based
CHEMBL2115215,OC[C@@H]1N[C@H](CO)[C@@H](O)[C@H](O)[C@@H]1O,OC[C@@H]1N[C@H](CO)[C@@H](O)[C@H](O)[C@@H]1O,5.494850021680094,cluster_based
CHEMBL501355,OC[C@H]1N[C@H](CO)[C@@H](O)[C@H](O)[C@H]1O,OC[C@H]1N[C@H](CO)[C@@H](O)[C@H](O)[C@H]1O,7.3979400086720375,cluster_based
CHEMBL2093897,OC[C@@H]1N[C@H](CO)[C@@H](O)[C@H](O)[C@H]1O,OC[C@@H]1N[C@H](CO)[C@@H](O)[C@H](O)[C@H]1O,5.075720713938118,cluster_based
CHEMBL2442258,CN1[C@H](CO)[C@H](O)[C@@H](O)[C@H](O)[C@H]1CO,CN1[C@H](CO)[C@H](O)[C@@H](O)[C@H](O)[C@H]1CO,7.221848749616356,cluster_based
CHEMBL3084806,CCCCN1[C@H](CO)[C@H](O)[C@@H](O)[C@H](O)[C@H]1CO,CCCCN1[C@H](CO)[C@H](O)[C@@H](O)[C@H](O)[C@H]1CO,5.376750709602099,cluster_based
CHEMBL77918,CCCCN1[C@H](CO)[C@@H](O)[C@H](O)[C@H]1CO,CCCCN1[C@H](CO)[C@@H](O)[C@H](O)[C@H]1CO,4.301029995663981,cluster_based
CHEMBL307429,OC[C@H]1NC[C@H](O)[C@@H](O)[C@@H]1O,OC[C@H]1NC[C@H](O)[C@@H](O)[C@@H]1O,6.443697499232712,cluster_based
CHEMBL80254,OC[C@H]1NC[C@@H](O)[C@@H]1O,OC[C@H]1NC[C@@H](O)[C@@H]1O,4.259637310505756,cluster_based
CHEMBL310229,CCCCN1C[C@@H](O)[C@H](O)[C@H]1CO,CCCCN1C[C@@H](O)[C@H](O)[C@H]1CO,4.301029995663981,cluster_based
CHEMBL310231,CN1[C@H](CO)[C@@H](O)[C@H](O)[C@H]1CO,CN1[C@H](CO)[C@@H](O)[C@H](O)[C@H]1CO,4.301029995663981,cluster_based
CHEMBL312653,OC[C@H]1N[C@H](CO)[C@@H](O)[C@@H]1O,OC[C@H]1N[C@H](CO)[C@@H](O)[C@@H]1O,4.301029995663981,cluster_based
CHEMBL1029,CCCCN1C[C@H](O)[C@@H](O)[C@H](O)[C@H]1CO,CCCCN1C[C@H](O)[C@@H](O)[C@H](O)[C@H]1CO,5.6777807052660805,cluster_based
CHEMBL75971,CN1C[C@H](O)[C@@H](O)[C@H](O)[C@H]1CO,CN1C[C@H](O)[C@@H](O)[C@H](O)[C@H]1CO,6.920818753952375,cluster_based
CHEMBL80148,CN1C[C@@H](O)[C@H](O)[C@H]1CO,CN1C[C@@H](O)[C@H](O)[C@H]1CO,3.3010299956639813,cluster_based
CHEMBL44,O=c1c(-c2ccc(O)cc2)coc2cc(O)cc(O)c12,O=c1c(-c2ccc(O)cc2)coc2cc(O)cc(O)c12,4.982966660701219,cluster_based
CHEMBL422734,CCCCCCCCNC1C=C(CO)C(O)C(O)C1O,CCCCCCCCNC1C=C(CO)C(O)C(O)C1O,4.769551078621726,cluster_based
CHEMBL1230806,N[C@H]1C=C(CO)[C@@H](O)[C@H](O)[C@H]1O,N[C@H]1C=C(CO)[C@@H](O)[C@H](O)[C@H]1O,4.0,cluster_based
CHEMBL367666,CCCCNC1C=C(CO)C(O)C(O)C1O,CCCCNC1C=C(CO)C(O)C(O)C1O,4.0,cluster_based
CHEMBL426933,CCCCCCCCCCCCCCCCCCNC1C=C(CO)C(O)C(O)C1O,CCCCCCCCCCCCCCCCCCNC1C=C(CO)C(O)C(O)C1O,4.0,cluster_based
CHEMBL1744444,C[C@]12CCC(=O)C[C@@H]1CC[C@@H]1[C@@H]2CC[C@]2(C)[C@@H](O)CC[C@@H]12.C[C@]12CC[C@H]3[C@@H](CCC4CC(=O)CC[C@@]43C)[C@@H]1CC[C@@H]2O,C[C@]12CCC(=O)C[C@@H]1CC[C@@H]1[C@@H]2CC[C@]2(C)[C@@H](O)CC[C@@H]12.C[C@]12CC[C@H]3[C@@H](CCC4CC(=O)CC[C@@]43C)[C@@H]1CC[C@@H]2O,4.0,cluster_based
CHEMBL354193,CCCCCCNC1C=C(CO)C(O)C(O)C1O,CCCCCCNC1C=C(CO)C(O)C(O)C1O,4.301029995663981,cluster_based
CHEMBL2374254,OC[C@@]1(O)C[C@H](NC[C@H](O)c2ccccc2)[C@H](O)[C@H](O)[C@H]1O,OC[C@@]1(O)C[C@H](NC[C@H](O)c2ccccc2)[C@H](O)[C@H](O)[C@H]1O,8.236572006437063,cluster_based
CHEMBL2051761,C[C@H]1C[C@H](N)[C@H](O)[C@@H](O)[C@@H]1N[C@H]1C[C@](O)(CO)[C@@H](O)[C@H](O)[C@H]1O,C[C@H]1C[C@H](N)[C@H](O)[C@@H](O)[C@@H]1N[C@H]1C[C@](O)(CO)[C@@H](O)[C@H](O)[C@H]1O,7.552841968657781,cluster_based
CHEMBL2051982,C[C@H]1C[C@@H](O)[C@H](O)[C@@H](O)[C@H]1N[C@H]1C[C@](O)(CO)[C@@H](O)[C@H](O)[C@H]1O,C[C@H]1C[C@@H](O)[C@H](O)[C@@H](O)[C@H]1N[C@H]1C[C@](O)(CO)[C@@H](O)[C@H](O)[C@H]1O,7.154901959985743,cluster_based
CHEMBL2374252,OC[C@@H](N[C@H]1C[C@](O)(CO)[C@@H](O)[C@H](O)[C@H]1O)c1ccccc1,OC[C@@H](N[C@H]1C[C@](O)(CO)[C@@H](O)[C@H](O)[C@H]1O)c1ccccc1,4.468521082957745,cluster_based
CHEMBL3349433,OC[C@@]1(O)C[C@H](NCC2CCCCC2)[C@H](O)[C@@H](O)[C@@H]1O,OC[C@@]1(O)C[C@H](NCC2CCCCC2)[C@H](O)[C@@H](O)[C@@H]1O,6.619788758288394,cluster_based
CHEMBL3349432,OC[C@@]1(O)C[C@H](N[C@@H]2CCCC[C@H]2O)[C@H](O)[C@@H](O)[C@@H]1O,OC[C@@]1(O)C[C@H](N[C@@H]2CCCC[C@H]2O)[C@H](O)[C@@H](O)[C@@H]1O,8.214670164989233,cluster_based
CHEMBL3349431,OCN(CO)[C@H]1C[C@](O)(CO)[C@@H](O)[C@H](O)[C@H]1O,OCN(CO)[C@H]1C[C@](O)(CO)[C@@H](O)[C@H](O)[C@H]1O,7.823908740944319,cluster_based
CHEMBL3349439,OC[C@@]1(O)C[C@H](N[C@H]2CCCC[C@@H]2O)[C@H](O)[C@@H](O)[C@@H]1O,OC[C@@]1(O)C[C@H](N[C@H]2CCCC[C@@H]2O)[C@H](O)[C@@H](O)[C@@H]1O,5.795880017344075,cluster_based
CHEMBL3349440,OCC(CO)N[C@H]1C[C@H](CO)[C@@H](O)[C@H](O)[C@H]1O,OCC(CO)N[C@H]1C[C@H](CO)[C@@H](O)[C@H](O)[C@H]1O,6.259637310505756,cluster_based
CHEMBL222396,N[C@H]1C[C@](O)(CO)[C@@H](O)[C@H](O)[C@H]1O,N[C@H]1C[C@](O)(CO)[C@@H](O)[C@H](O)[C@H]1O,5.657577319177793,cluster_based
CHEMBL2051762,C[C@H]1C[C@H](O)[C@H](O)[C@@H](O)[C@H]1N[C@H]1C[C@](O)(CO)[C@@H](O)[C@H](O)[C@H]1O,C[C@H]1C[C@H](O)[C@H](O)[C@@H](O)[C@H]1N[C@H]1C[C@](O)(CO)[C@@H](O)[C@H](O)[C@H]1O,7.167491087293763,cluster_based
CHEMBL1628264,N[C@H]1C[C@H](CO)[C@@H](O)[C@H](O)[C@H]1O,N[C@H]1C[C@H](CO)[C@@H](O)[C@H](O)[C@H]1O,3.958607314841775,cluster_based
CHEMBL3349436,OCC1=C[C@H](NC(CO)CO)[C@H](O)[C@@H](O)[C@@H]1O,OCC1=C[C@H](NC(CO)CO)[C@H](O)[C@@H](O)[C@@H]1O,5.229147988357856,cluster_based
CHEMBL2051978,C[C@H]1C[C@H](N)[C@H](O)[C@@H](O)[C@H]1N[C@H]1C[C@](O)(CO)[C@@H](O)[C@H](O)[C@H]1O,C[C@H]1C[C@H](N)[C@H](O)[C@@H](O)[C@H]1N[C@H]1C[C@](O)(CO)[C@@H](O)[C@H](O)[C@H]1O,5.823908740944319,cluster_based
CHEMBL3349441,OC[C@@]1(O)C[C@H](NCc2cccs2)[C@H](O)[C@@H](O)[C@@H]1O,OC[C@@]1(O)C[C@H](NCc2cccs2)[C@H](O)[C@@H](O)[C@@H]1O,6.698970004336019,cluster_based
CHEMBL2374255,OC[C@@]1(O)C[C@H](NC[C@@H](O)c2ccccc2)[C@H](O)[C@H](O)[C@H]1O,OC[C@@]1(O)C[C@H](NC[C@@H](O)c2ccccc2)[C@H](O)[C@H](O)[C@H]1O,5.301029995663981,cluster_based
CHEMBL3349438,CC(C)=CCC/C(C)=C/CN[C@H]1C[C@](O)(CO)[C@@H](O)[C@H](O)[C@H]1O,CC(C)=CCC/C(C)=C/CN[C@H]1C[C@](O)(CO)[C@@H](O)[C@H](O)[C@H]1O,6.2839966563652006,cluster_based
CHEMBL2374253,OC[C@H](N[C@H]1C[C@](O)(CO)[C@@H](O)[C@H](O)[C@H]1O)c1ccccc1,OC[C@H](N[C@H]1C[C@](O)(CO)[C@@H](O)[C@H](O)[C@H]1O)c1ccccc1,7.886056647693163,cluster_based
CHEMBL3349446,OC[C@@]1(O)C[C@H](NCc2cccnc2)[C@H](O)[C@@H](O)[C@@H]1O,OC[C@@]1(O)C[C@H](NCc2cccnc2)[C@H](O)[C@@H](O)[C@@H]1O,6.481486060122113,cluster_based
CHEMBL3349437,OC[C@@]1(O)C[C@H](NCCc2ccccc2)[C@H](O)[C@@H](O)[C@@H]1O,OC[C@@]1(O)C[C@H](NCCc2ccccc2)[C@H](O)[C@@H](O)[C@@H]1O,7.0,cluster_based
CHEMBL3349434,OC[C@@]1(O)C[C@H](NC2CCCCC2)[C@H](O)[C@@H](O)[C@@H]1O,OC[C@@]1(O)C[C@H](NC2CCCCC2)[C@H](O)[C@@H](O)[C@@H]1O,6.3872161432802645,cluster_based
CHEMBL380336,C=C1CC[C@@H]2[C@]3(C)COC(c4ccccc4)O[C@@H]3CC[C@@]2(C)[C@@H]1C/C=C1/C(=O)OC[C@H]1O,C=C1CC[C@@H]2[C@]3(C)COC(c4ccccc4)O[C@@H]3CC[C@@]2(C)[C@@H]1C/C=C1/C(=O)OC[C@H]1O,3.9956786262173574,cluster_based
CHEMBL209093,C=C1CC[C@@H]2[C@](C)(CO)[C@H](O)CC[C@@]2(C)[C@@H]1/C=C/C1=C/C(=C/C=C/c2ccccc2)OC1=O,C=C1CC[C@@H]2[C@](C)(CO)[C@H](O)CC[C@@]2(C)[C@@H]1/C=C/C1=CC(=C/C=C/c2ccccc2)/OC1=O,4.236572006437063,cluster_based
CHEMBL377520,C=C1CC[C@@H]2[C@](C)(CO)[C@H](O)CC[C@@]2(C)[C@@H]1/C=C/C1=C/C(=C/c2ccc(OC)cc2)OC1=O,C=C1CC[C@@H]2[C@](C)(CO)[C@H](O)CC[C@@]2(C)[C@@H]1/C=C/C1=CC(=C/c2ccc(OC)cc2)/OC1=O,4.795880017344075,cluster_based
CHEMBL206309,C=C1CC[C@@H]2[C@](C)(CO)[C@H](O)CC[C@@]2(C)[C@@H]1/C=C/C1=C/C(=C/CCC)OC1=O,C=C1CC[C@@H]2[C@](C)(CO)[C@H](O)CC[C@@]2(C)[C@@H]1/C=C/C1=CC(=C/CCC)/OC1=O,3.958607314841775,cluster_based
CHEMBL379280,C=C1CC[C@@H]2[C@]3(C)COC(c4cccc(Br)c4)O[C@@H]3CC[C@@]2(C)[C@@H]1C/C=C1/C(=O)OC[C@H]1O,C=C1CC[C@@H]2[C@]3(C)COC(c4cccc(Br)c4)O[C@@H]3CC[C@@]2(C)[C@@H]1C/C=C1/C(=O)OC[C@H]1O,4.0,cluster_based
CHEMBL241374,C=C1CC[C@@H]2[C@](C)(CO)[C@H](O)CC[C@@]2(C)[C@@H]1/C=C/C1=C/C(=C/c2ccco2)OC1=O,C=C1CC[C@@H]2[C@](C)(CO)[C@H](O)CC[C@@]2(C)[C@@H]1/C=C/C1=CC(=C/c2ccco2)/OC1=O,4.0,cluster_based
CHEMBL238604,C=C1CC[C@@H]2[C@](C)(CO)[C@H](O)CC[C@@]2(C)[C@@H]1/C=C/C1=C/C(=C/c2cc(OC)c(OC)cc2OC)OC1=O,C=C1CC[C@@H]2[C@](C)(CO)[C@H](O)CC[C@@]2(C)[C@@H]1/C=C/C1=CC(=C/c2cc(OC)c(OC)cc2OC)/OC1=O,4.075720713938118,cluster_based
CHEMBL398800,C=C1CC[C@@H]2[C@](C)(CO)[C@H](O)CC[C@@]2(C)[C@@H]1/C=C/C1=C/C(=C/c2ccc3c(c2)OCO3)OC1=O,C=C1CC[C@@H]2[C@](C)(CO)[C@H](O)CC[C@@]2(C)[C@@H]1/C=C/C1=CC(=C/c2ccc3c(c2)OCO3)/OC1=O,4.086186147616283,cluster_based
CHEMBL241165,C=C1CC[C@@H]2[C@](C)(CO)[C@H](O)CC[C@@]2(C)[C@@H]1/C=C/C1=C/C(=C/c2ccc(N(C)C)cc2)OC1=O,C=C1CC[C@@H]2[C@](C)(CO)[C@H](O)CC[C@@]2(C)[C@@H]1/C=C/C1=CC(=C/c2ccc(N(C)C)cc2)/OC1=O,4.154901959985743,cluster_based
CHEMBL394049,C=C1CC[C@@H]2[C@](C)(COC(=O)c3cccnc3)[C@H](OC(=O)c3cccnc3)CC[C@@]2(C)[C@@H]1/C=C/C1=C/C(=C\c2ccc(OC)cc2)OC1=O,C=C1CC[C@@H]2[C@](C)(COC(=O)c3cccnc3)[C@H](OC(=O)c3cccnc3)CC[C@@]2(C)[C@@H]1/C=C/C1=CC(=C\c2ccc(OC)cc2)/OC1=O,4.958607314841775,cluster_based
CHEMBL240080,C=C1CC[C@@H]2[C@](C)(COC(=O)c3cccnc3)[C@H](OC(=O)c3cccnc3)CC[C@@]2(C)[C@@H]1/C=C/C1=C/C(=C/c2ccco2)OC1=O,C=C1CC[C@@H]2[C@](C)(COC(=O)c3cccnc3)[C@H](OC(=O)c3cccnc3)CC[C@@]2(C)[C@@H]1/C=C/C1=CC(=C/c2ccco2)/OC1=O,4.443697499232712,cluster_based
CHEMBL437564,C=C1CC[C@@H]2[C@](C)(COC(=O)c3cccnc3)[C@H](OC(=O)c3cccnc3)CC[C@@]2(C)[C@@H]1/C=C/C1=C/C(=C\c2ccc(N(C)C)cc2)OC1=O,C=C1CC[C@@H]2[C@](C)(COC(=O)c3cccnc3)[C@H](OC(=O)c3cccnc3)CC[C@@]2(C)[C@@H]1/C=C/C1=CC(=C\c2ccc(N(C)C)cc2)/OC1=O,4.6020599913279625,cluster_based
CHEMBL396679,C=C1CC[C@@H]2[C@](C)(COC(=O)c3cccnc3)[C@H](OC(=O)c3cccnc3)CC[C@@]2(C)[C@@H]1/C=C/C1=C/C(=C\c2cccc(Br)c2)OC1=O,C=C1CC[C@@H]2[C@](C)(COC(=O)c3cccnc3)[C@H](OC(=O)c3cccnc3)CC[C@@]2(C)[C@@H]1/C=C/C1=CC(=C\c2cccc(Br)c2)/OC1=O,4.853871964321762,cluster_based
CHEMBL394682,C=C1CC[C@@H]2[C@](C)(COC(=O)c3cccnc3)[C@H](OC(=O)c3cccnc3)CC[C@@]2(C)[C@@H]1/C=C/C1=C/C(=C\c2ccc(Cl)cc2)OC1=O,C=C1CC[C@@H]2[C@](C)(COC(=O)c3cccnc3)[C@H](OC(=O)c3cccnc3)CC[C@@]2(C)[C@@H]1/C=C/C1=CC(=C\c2ccc(Cl)cc2)/OC1=O,5.221848749616356,cluster_based
CHEMBL396678,C=C1CC[C@@H]2[C@](C)(COC(=O)c3cccnc3)[C@H](OC(=O)c3cccnc3)CC[C@@]2(C)[C@@H]1/C=C/C1=C/C(=C\c2ccccc2)OC1=O,C=C1CC[C@@H]2[C@](C)(COC(=O)c3cccnc3)[C@H](OC(=O)c3cccnc3)CC[C@@]2(C)[C@@H]1/C=C/C1=CC(=C\c2ccccc2)/OC1=O,4.795880017344075,cluster_based
CHEMBL396677,C=C1CC[C@@H]2[C@](C)(COC(=O)c3cccnc3)[C@H](OC(=O)c3cccnc3)CC[C@@]2(C)[C@@H]1/C=C/C1=C/C(=C\C(C)=C\CCC/C=C/C)OC1=O,C=C1CC[C@@H]2[C@](C)(COC(=O)c3cccnc3)[C@H](OC(=O)c3cccnc3)CC[C@@]2(C)[C@@H]1/C=C/C1=CC(=C\C(C)=C\CCC/C=C/C)/OC1=O,4.552841968657781,cluster_based
CHEMBL238603,C=C1CC[C@@H]2[C@](C)(CO)[C@H](O)CC[C@@]2(C)[C@@H]1/C=C/C1=C/C(=C/c2ccccc2)OC1=O,C=C1CC[C@@H]2[C@](C)(CO)[C@H](O)CC[C@@]2(C)[C@@H]1/C=C/C1=CC(=C/c2ccccc2)/OC1=O,4.236572006437063,cluster_based
CHEMBL1561,OCCN1C[C@H](O)[C@@H](O)[C@H](O)[C@H]1CO,OCCN1C[C@H](O)[C@@H](O)[C@H](O)[C@H]1CO,5.221848749616356,cluster_based
CHEMBL175901,OC[C@@H]1NC[C@H](O)[C@@H](O)[C@@H]1O,OC[C@@H]1NC[C@H](O)[C@@H](O)[C@@H]1O,3.0,cluster_based
CHEMBL1076754,CCCCN1C[C@H](O)[C@@H](O)[C@H](O)[C@@H]1CO,CCCCN1C[C@H](O)[C@@H](O)[C@H](O)[C@@H]1CO,3.0,cluster_based
CHEMBL110458,OC[C@H]1NC[C@H](O)[C@@H](O)[C@H]1O,OC[C@H]1NC[C@H](O)[C@@H](O)[C@H]1O,5.823908740944319,cluster_based
CHEMBL1086997,CCCCN1C[C@H](O)[C@@H](O)[C@@H](O)[C@H]1CO,CCCCN1C[C@H](O)[C@@H](O)[C@@H](O)[C@H]1CO,5.0,cluster_based
CHEMBL179409,OC[C@@H]1NC[C@H](O)[C@@H](O)[C@H]1O,OC[C@@H]1NC[C@H](O)[C@@H](O)[C@H]1O,3.0,cluster_based
CHEMBL1088291,CCCCN1C[C@H](O)[C@@H](O)[C@@H](O)[C@@H]1CO,CCCCN1C[C@H](O)[C@@H](O)[C@@H](O)[C@@H]1CO,3.0,cluster_based
CHEMBL3354025,OC[C@@H]1[C@@H](O)[C@H](O)[C@@H](O)CN1CCCCCOCc1ccc(-c2ccccc2)cc1,OC[C@@H]1[C@@H](O)[C@H](O)[C@@H](O)CN1CCCCCOCc1ccc(-c2ccccc2)cc1,5.698970004336019,cluster_based
CHEMBL3354038,OC[C@H]1[C@@H](O)[C@H](O)[C@@H](O)CN1CCCCCOCc1ccc(-c2ccccc2)cc1,OC[C@H]1[C@@H](O)[C@H](O)[C@@H](O)CN1CCCCCOCc1ccc(-c2ccccc2)cc1,4.0,cluster_based
CHEMBL3354062,OC[C@@H]1[C@@H](O)[C@H](O)[C@@H](O)CN1CCCCCOCc1ccccc1-c1ccccc1,OC[C@@H]1[C@@H](O)[C@H](O)[C@@H](O)CN1CCCCCOCc1ccccc1-c1ccccc1,5.823908740944319,cluster_based
CHEMBL3354063,OC[C@@H]1[C@@H](O)[C@H](O)[C@@H](O)CN1CCCCCOCc1cccc(-c2ccccc2)c1,OC[C@@H]1[C@@H](O)[C@H](O)[C@@H](O)CN1CCCCCOCc1cccc(-c2ccccc2)c1,5.823908740944319,cluster_based
CHEMBL3354620,OC[C@@H]1[C@@H](O)[C@H](O)[C@@H](O)CN1CC(F)(F)CCCOCc1ccc(-c2ccccc2)cc1,OC[C@@H]1[C@@H](O)[C@H](O)[C@@H](O)CN1CC(F)(F)CCCOCc1ccc(-c2ccccc2)cc1,4.0,cluster_based
CHEMBL3354621,OC[C@@H]1[C@@H](O)[C@H](O)[C@@H](O)CN1CCCC(F)(F)COCc1ccc(-c2ccccc2)cc1,OC[C@@H]1[C@@H](O)[C@H](O)[C@@H](O)CN1CCCC(F)(F)COCc1ccc(-c2ccccc2)cc1,5.045757490560675,cluster_based
CHEMBL3354622,C[C@H](OCCCCCN1C[C@H](O)[C@@H](O)[C@H](O)[C@H]1CO)c1ccc(-c2ccccc2)cc1,C[C@H](OCCCCCN1C[C@H](O)[C@@H](O)[C@H](O)[C@H]1CO)c1ccc(-c2ccccc2)cc1,5.6020599913279625,cluster_based
CHEMBL3354623,C[C@@H](OCCCCCN1C[C@H](O)[C@@H](O)[C@H](O)[C@H]1CO)c1ccc(-c2ccccc2)cc1,C[C@@H](OCCCCCN1C[C@H](O)[C@@H](O)[C@H](O)[C@H]1CO)c1ccc(-c2ccccc2)cc1,5.3979400086720375,cluster_based
CHEMBL3354624,OC[C@@H]1[C@@H](O)[C@H](O)[C@@H](O)CN1CCCCCOCc1ccc(-c2ccccc2)cc1F,OC[C@@H]1[C@@H](O)[C@H](O)[C@@H](O)CN1CCCCCOCc1ccc(-c2ccccc2)cc1F,5.6020599913279625,cluster_based
CHEMBL3354625,OC[C@@H]1[C@@H](O)[C@H](O)[C@@H](O)CN1CCCCCOCc1ccc(-c2ccccc2)c(F)c1,OC[C@@H]1[C@@H](O)[C@H](O)[C@@H](O)CN1CCCCCOCc1ccc(-c2ccccc2)c(F)c1,5.522878745280337,cluster_based
CHEMBL3354626,OC[C@@H]1[C@@H](O)[C@H](O)[C@@H](O)CN1CCCCCOCc1ccc(-c2ccccc2)cc1C(F)(F)F,OC[C@@H]1[C@@H](O)[C@H](O)[C@@H](O)CN1CCCCCOCc1ccc(-c2ccccc2)cc1C(F)(F)F,5.096910013008056,cluster_based
CHEMBL3354627,OC[C@@H]1[C@@H](O)[C@H](O)[C@@H](O)CN1CCCCCOCc1ccc(-c2ccccc2)c(C(F)(F)F)c1,OC[C@@H]1[C@@H](O)[C@H](O)[C@@H](O)CN1CCCCCOCc1ccc(-c2ccccc2)c(C(F)(F)F)c1,5.154901959985743,cluster_based
CHEMBL3354628,C[C@H](OCCCCCN1C[C@H](O)[C@@H](O)[C@H](O)[C@@H]1CO)c1ccc(-c2ccccc2)cc1,C[C@H](OCCCCCN1C[C@H](O)[C@@H](O)[C@H](O)[C@@H]1CO)c1ccc(-c2ccccc2)cc1,4.0,cluster_based
CHEMBL3354629,C[C@@H](OCCCCCN1C[C@H](O)[C@@H](O)[C@H](O)[C@@H]1CO)c1ccc(-c2ccccc2)cc1,C[C@@H](OCCCCCN1C[C@H](O)[C@@H](O)[C@H](O)[C@@H]1CO)c1ccc(-c2ccccc2)cc1,4.0,cluster_based
CHEMBL3354630,OC[C@H]1[C@@H](O)[C@H](O)[C@@H](O)CN1CCCCCOCc1ccccc1-c1ccccc1,OC[C@H]1[C@@H](O)[C@H](O)[C@@H](O)CN1CCCCCOCc1ccccc1-c1ccccc1,4.0,cluster_based
CHEMBL3354631,OC[C@H]1[C@@H](O)[C@H](O)[C@@H](O)CN1CCCCCOCc1cccc(-c2ccccc2)c1,OC[C@H]1[C@@H](O)[C@H](O)[C@@H](O)CN1CCCCCOCc1cccc(-c2ccccc2)c1,4.0,cluster_based
CHEMBL3354632,OC[C@H]1[C@@H](O)[C@H](O)[C@@H](O)CN1CC(F)(F)CCCOCc1ccc(-c2ccccc2)cc1,OC[C@H]1[C@@H](O)[C@H](O)[C@@H](O)CN1CC(F)(F)CCCOCc1ccc(-c2ccccc2)cc1,4.0,cluster_based
CHEMBL3354633,OC[C@H]1[C@@H](O)[C@H](O)[C@@H](O)CN1CCCC(F)(F)COCc1ccc(-c2ccccc2)cc1,OC[C@H]1[C@@H](O)[C@H](O)[C@@H](O)CN1CCCC(F)(F)COCc1ccc(-c2ccccc2)cc1,4.0,cluster_based
CHEMBL3354634,OC[C@H]1[C@@H](O)[C@H](O)[C@@H](O)CN1CCCCCOCc1ccc(-c2ccccc2)cc1C(F)(F)F,OC[C@H]1[C@@H](O)[C@H](O)[C@@H](O)CN1CCCCCOCc1ccc(-c2ccccc2)cc1C(F)(F)F,4.0,cluster_based
CHEMBL3354635,OC[C@H]1[C@@H](O)[C@H](O)[C@@H](O)CN1CCCCCOCc1ccc(-c2ccccc2)c(C(F)(F)F)c1,OC[C@H]1[C@@H](O)[C@H](O)[C@@H](O)CN1CCCCCOCc1ccc(-c2ccccc2)c(C(F)(F)F)c1,4.0,cluster_based
CHEMBL3354636,OC[C@H]1[C@@H](O)[C@H](O)[C@@H](O)CN1CCCCCOCc1ccc(-c2ccccc2)cc1F,OC[C@H]1[C@@H](O)[C@H](O)[C@@H](O)CN1CCCCCOCc1ccc(-c2ccccc2)cc1F,4.0,cluster_based
CHEMBL3354637,OC[C@H]1[C@@H](O)[C@H](O)[C@@H](O)CN1CCCCCOCc1ccc(-c2ccccc2)c(F)c1,OC[C@H]1[C@@H](O)[C@H](O)[C@@H](O)CN1CCCCCOCc1ccc(-c2ccccc2)c(F)c1,4.0,cluster_based
CHEMBL3407617,COc1ccc(O)c(/C=N/NC(=O)c2ccc(-c3nc4ccccc4s3)cc2)c1,COc1ccc(O)c(/C=N/NC(=O)c2ccc(-c3nc4ccccc4s3)cc2)c1,5.187086643357144,cluster_based
CHEMBL3407618,O=C(N/N=C\c1ccccn1)c1ccc(-c2nc3ccccc3s2)cc1,O=C(N/N=C\c1ccccn1)c1ccc(-c2nc3ccccc3s2)cc1,4.99012436628784,cluster_based
CHEMBL3407620,O=C(N/N=C/c1ccc(O)cc1)c1ccc(-c2nc3ccccc3s2)cc1,O=C(N/N=C/c1ccc(O)cc1)c1ccc(-c2nc3ccccc3s2)cc1,4.947306058075032,cluster_based
CHEMBL3407621,O=C(N/N=C/c1cccs1)c1ccc(-c2nc3ccccc3s2)cc1,O=C(N/N=C/c1cccs1)c1ccc(-c2nc3ccccc3s2)cc1,5.071604147743286,cluster_based
CHEMBL3407622,O=C(N/N=C/c1cccc(O)c1O)c1ccc(-c2nc3ccccc3s2)cc1,O=C(N/N=C/c1cccc(O)c1O)c1ccc(-c2nc3ccccc3s2)cc1,4.950007143079858,cluster_based
CHEMBL3407623,COc1ccc(/C=N/NC(=O)c2ccc(-c3nc4ccccc4s3)cc2)c(O)c1,COc1ccc(/C=N/NC(=O)c2ccc(-c3nc4ccccc4s3)cc2)c(O)c1,5.15676722190199,cluster_based
CHEMBL3407624,O=C(N/N=C/c1ccccc1O)c1ccc(-c2nc3ccccc3s2)cc1,O=C(N/N=C/c1ccccc1O)c1ccc(-c2nc3ccccc3s2)cc1,5.255707016877324,cluster_based
CHEMBL3407625,O=C(N/N=C\c1ccco1)c1ccc(-c2nc3ccccc3s2)cc1,O=C(N/N=C\c1ccco1)c1ccc(-c2nc3ccccc3s2)cc1,4.894489815230026,cluster_based
CHEMBL3407626,O=C(N/N=C/c1ccc(O)c(O)c1)c1ccc(-c2nc3ccccc3s2)cc1,O=C(N/N=C/c1ccc(O)c(O)c1)c1ccc(-c2nc3ccccc3s2)cc1,4.82131076022441,cluster_based
CHEMBL3407627,O=C(N/N=C/c1ccc(O)cc1O)c1ccc(-c2nc3ccccc3s2)cc1,O=C(N/N=C/c1ccc(O)cc1O)c1ccc(-c2nc3ccccc3s2)cc1,5.253365801062421,cluster_based
CHEMBL3407630,O=C(N/N=C/c1ccc([N+](=O)[O-])cc1)c1ccc(-c2nc3ccccc3s2)cc1,O=C(N/N=C/c1ccc([N+](=O)[O-])cc1)c1ccc(-c2nc3ccccc3s2)cc1,4.5787252087896535,cluster_based
CHEMBL404271,C[C@H]1O[C@H](O[C@H]2[C@H](O)[C@@H](O)[C@@H](O[C@H]3[C@H](O)[C@@H](O)C(O)O[C@@H]3CO)O[C@@H]2CO)[C@H](O)[C@@H](O)[C@@H]1N[C@H]1C=C(CO)[C@@H](O)[C@H](O)[C@H]1O,C[C@H]1O[C@H](O[C@H]2[C@H](O)[C@@H](O)[C@@H](O[C@H]3[C@H](O)[C@@H](O)C(O)O[C@@H]3CO)O[C@@H]2CO)[C@H](O)[C@@H](O)[C@@H]1N[C@H]1C=C(CO)[C@@H](O)[C@H](O)[C@H]1O,3.042871802323187,cluster_based
CHEMBL3407632,O=C(N/N=C/c1ccc(F)cc1)c1ccc(-c2nc3ccccc3s2)cc1,O=C(N/N=C/c1ccc(F)cc1)c1ccc(-c2nc3ccccc3s2)cc1,5.147520006363144,cluster_based
CHEMBL3407633,COc1cc(/C=N/NC(=O)c2ccc(-c3nc4ccccc4s3)cc2)cc(OC)c1,COc1cc(/C=N/NC(=O)c2ccc(-c3nc4ccccc4s3)cc2)cc(OC)c1,4.791289980093599,cluster_based
CHEMBL3407634,O=C(N/N=C/c1ccccc1)c1ccc(-c2nc3ccccc3s2)cc1,O=C(N/N=C/c1ccccc1)c1ccc(-c2nc3ccccc3s2)cc1,5.094204119632131,cluster_based
CHEMBL3407635,O=C(N/N=C/c1ccc(F)c(Br)c1)c1ccc(-c2nc3ccccc3s2)cc1,O=C(N/N=C/c1ccc(F)c(Br)c1)c1ccc(-c2nc3ccccc3s2)cc1,4.552531869050244,cluster_based
CHEMBL3407636,COc1ccc(/C=N/NC(=O)c2ccc(-c3nc4ccccc4s3)cc2)cc1,COc1ccc(/C=N/NC(=O)c2ccc(-c3nc4ccccc4s3)cc2)cc1,4.736837535037783,cluster_based
CHEMBL3407637,O=C(N/N=C/c1c(O)cc(O)cc1O)c1ccc(-c2nc3ccccc3s2)cc1,O=C(N/N=C/c1c(O)cc(O)cc1O)c1ccc(-c2nc3ccccc3s2)cc1,5.07727454200674,cluster_based
CHEMBL3407638,O=C(N/N=C/c1ccc(O)c(Br)c1)c1ccc(-c2nc3ccccc3s2)cc1,O=C(N/N=C/c1ccc(O)c(Br)c1)c1ccc(-c2nc3ccccc3s2)cc1,5.09312646527793,cluster_based
CHEMBL3407639,O=C(N/N=C/c1ccc(Cl)cc1)c1ccc(-c2nc3ccccc3s2)cc1,O=C(N/N=C/c1ccc(Cl)cc1)c1ccc(-c2nc3ccccc3s2)cc1,5.274905478918531,cluster_based
CHEMBL3407640,COc1cccc(/C=N/NC(=O)c2ccc(-c3nc4ccccc4s3)cc2)c1,COc1cccc(/C=N/NC(=O)c2ccc(-c3nc4ccccc4s3)cc2)c1,4.95506845385084,cluster_based
CHEMBL3407641,O=C(N/N=C/c1cccc(O)c1)c1ccc(-c2nc3ccccc3s2)cc1,O=C(N/N=C/c1cccc(O)c1)c1ccc(-c2nc3ccccc3s2)cc1,5.035740369803151,cluster_based
CHEMBL3407643,COc1cc(/C=N/NC(=O)c2ccc(-c3nc4ccccc4s3)cc2)ccc1O,COc1cc(/C=N/NC(=O)c2ccc(-c3nc4ccccc4s3)cc2)ccc1O,4.272946988646143,cluster_based
CHEMBL3407644,COc1ccc(/C=N/NC(=O)c2ccc(-c3nc4ccccc4s3)cc2)c(I)c1O,COc1ccc(/C=N/NC(=O)c2ccc(-c3nc4ccccc4s3)cc2)c(I)c1O,4.3487219860018556,cluster_based
CHEMBL3407645,O=C(N/N=C/c1cc(O)ccc1O)c1ccc(-c2nc3ccccc3s2)cc1,O=C(N/N=C/c1cc(O)ccc1O)c1ccc(-c2nc3ccccc3s2)cc1,4.926281649653878,cluster_based
CHEMBL3407646,O=C(N/N=C/c1cc(O)cc(O)c1)c1ccc(-c2nc3ccccc3s2)cc1,O=C(N/N=C/c1cc(O)cc(O)c1)c1ccc(-c2nc3ccccc3s2)cc1,4.953895212753961,cluster_based
CHEMBL3814747,CO[C@@H](CO)[C@H](O)C[S+]1C[C@@H](O)[C@H](O)[C@H]1CO.[Cl-],CO[C@@H](CO)[C@H](O)C[S+]1C[C@@H](O)[C@H](O)[C@H]1CO.[Cl-],5.698970004336019,cluster_based
CHEMBL3814838,CCO[C@@H](CO)[C@H](O)C[S+]1C[C@@H](O)[C@H](O)[C@H]1CO.[Cl-],CCO[C@@H](CO)[C@H](O)C[S+]1C[C@@H](O)[C@H](O)[C@H]1CO.[Cl-],6.017728766960431,cluster_based
CHEMBL3814555,CCCCCO[C@@H](CO)[C@H](O)C[S+]1C[C@@H](O)[C@H](O)[C@H]1CO.[Cl-],CCCCCO[C@@H](CO)[C@H](O)C[S+]1C[C@@H](O)[C@H](O)[C@H]1CO.[Cl-],5.823908740944319,cluster_based
CHEMBL3814911,CCCCCCCO[C@@H](CO)[C@H](O)C[S+]1C[C@@H](O)[C@H](O)[C@H]1CO.[Cl-],CCCCCCCO[C@@H](CO)[C@H](O)C[S+]1C[C@@H](O)[C@H](O)[C@H]1CO.[Cl-],6.1938200260161125,cluster_based
CHEMBL3814264,CCCCCCCCCCCCCO[C@@H](CO)[C@H](O)C[S+]1C[C@@H](O)[C@H](O)[C@H]1CO.[Cl-],CCCCCCCCCCCCCO[C@@H](CO)[C@H](O)C[S+]1C[C@@H](O)[C@H](O)[C@H]1CO.[Cl-],5.958607314841775,cluster_based
CHEMBL3814988,CC(C)CO[C@@H](CO)[C@H](O)C[S+]1C[C@@H](O)[C@H](O)[C@H]1CO.[Cl-],CC(C)CO[C@@H](CO)[C@H](O)C[S+]1C[C@@H](O)[C@H](O)[C@H]1CO.[Cl-],6.161150909262744,cluster_based
CHEMBL3815109,CC(C)(C)CO[C@@H](CO)[C@H](O)C[S+]1C[C@@H](O)[C@H](O)[C@H]1CO.[Cl-],CC(C)(C)CO[C@@H](CO)[C@H](O)C[S+]1C[C@@H](O)[C@H](O)[C@H]1CO.[Cl-],6.327902142064283,cluster_based
CHEMBL3814496,O=[N+]([O-])c1ccccc1CO[C@@H](CO)[C@H](O)C[S+]1C[C@@H](O)[C@H](O)[C@H]1CO.[Cl-],O=[N+]([O-])c1ccccc1CO[C@@H](CO)[C@H](O)C[S+]1C[C@@H](O)[C@H](O)[C@H]1CO.[Cl-],6.823908740944319,cluster_based
CHEMBL239249,O=S(=O)([O-])O[C@@H](CO)[C@H](O)C[S+]1C[C@@H](O)[C@H](O)[C@H]1CO,O=S(=O)([O-])O[C@@H](CO)[C@H](O)C[S+]1C[C@@H](O)[C@H](O)[C@H]1CO,5.309803919971486,cluster_based
CHEMBL1182462,OC[C@@H]1[C@@H](O)[C@H](O)C[S+]1C[C@@H](O)[C@@H](O)CO,OC[C@@H]1[C@@H](O)[C@H](O)C[S+]1C[C@@H](O)[C@@H](O)CO,5.045757490560675,cluster_based
CHEMBL476960,OCC(CO)N[C@H]1C[C@](O)(CO)[C@@H](O)[C@H](O)[C@H]1O,OCC(CO)N[C@H]1C[C@](O)(CO)[C@@H](O)[C@H](O)[C@H]1O,5.886056647693163,cluster_based
CHEMBL4299399,C[C@@H]1O[C@@H](O[C@@H]2[C@@H](O)[C@H](O)[C@H](O[C@H]3[C@H](O)[C@@H](O)C(O)O[C@@H]3CO)O[C@H]2CO)[C@@H](O)[C@H](O)[C@H]1N[C@H]1C=C(CO)[C@@H](O)[C@H](O)[C@H]1O,C[C@@H]1O[C@@H](O[C@@H]2[C@@H](O)[C@H](O)[C@H](O[C@H]3[C@H](O)[C@@H](O)C(O)O[C@@H]3CO)O[C@H]2CO)[C@@H](O)[C@H](O)[C@H]1N[C@H]1C=C(CO)[C@@H](O)[C@H](O)[C@H]1O,4.818156412055227,cluster_based
CHEMBL1208974,O=S(=O)([O-])O[C@@H](CO)[C@H](O)C[S@+]1C[C@@H](O)[C@H](O)[C@H]1CO,O=S(=O)([O-])O[C@@H](CO)[C@H](O)C[S@+]1C[C@@H](O)[C@H](O)[C@H]1CO,5.309803919971486,cluster_based
CHEMBL1684162,[O-][C@@H](CO)[C@H](O)C[S@+]1C[C@@H](O)[C@H](O)[C@H]1CO,[O-][C@@H](CO)[C@H](O)C[S@+]1C[C@@H](O)[C@H](O)[C@H]1CO,5.045757490560675,cluster_based
CHEMBL454551,COc1ccc([C@@H]2N[C@@H](CO)[C@H](O)[C@H]2O)cc1O,COc1ccc([C@@H]2N[C@@H](CO)[C@H](O)[C@H]2O)cc1O,5.173925197299174,cluster_based
CHEMBL4783560,OC[C@@H]1N[C@@H](c2ccc(O)cc2)[C@H](O)[C@H]1O,OC[C@@H]1N[C@@H](c2ccc(O)cc2)[C@H](O)[C@H]1O,5.031517051446065,cluster_based
CHEMBL4856375,C[C@]1(CO)NC[C@H](O)[C@@H](O)[C@@H]1O.Cl,C[C@]1(CO)NC[C@H](O)[C@@H](O)[C@@H]1O.Cl,6.0,cluster_based
CHEMBL5083981,COc1ccc(-c2oc3cc(OC)cc(OC)c3c(=O)c2OCCCCCN2C[C@H](O)[C@@H](O)[C@H](O)[C@H]2CO)cc1,COc1ccc(-c2oc3cc(OC)cc(OC)c3c(=O)c2OCCCCCN2C[C@H](O)[C@@H](O)[C@H](O)[C@H]2CO)cc1,4.391902053674721,cluster_based
CHEMBL5076041,COc1ccc(-c2oc3cc(OC)cc(OC)c3c(=O)c2OCCCCCCCCN2C[C@H](O)[C@@H](O)[C@H](O)[C@H]2CO)cc1,COc1ccc(-c2oc3cc(OC)cc(OC)c3c(=O)c2OCCCCCCCCN2C[C@H](O)[C@@H](O)[C@H](O)[C@H]2CO)cc1,5.749579997691106,cluster_based
CHEMBL5082173,COc1ccc(-c2oc3cc(OC)cc(OC)c3c(=O)c2OCCCCCCCCCCCN2C[C@H](O)[C@@H](O)[C@H](O)[C@H]2CO)cc1,COc1ccc(-c2oc3cc(OC)cc(OC)c3c(=O)c2OCCCCCCCCCCCN2C[C@H](O)[C@@H](O)[C@H](O)[C@H]2CO)cc1,6.619788758288394,cluster_based
CHEMBL5084733,C=C1C(=O)O[C@@H]2/C=C(\C)[C@@H](O)C/C=C(\C)C[C@@H](OC(=O)/C(=C\C)COC(C)=O)[C@@H]12,C=C1C(=O)O[C@@H]2/C=C(\C)[C@@H](O)C/C=C(\C)C[C@@H](OC(=O)/C(=C\C)COC(C)=O)[C@@H]12,4.6020599913279625,cluster_based
CHEMBL5094636,C=C1C(=O)O[C@@H]2/C=C(\C)CC/C=C(\C)C[C@@H](OC(=O)/C(=C\COC(C)=O)CO)[C@@H]12,C=C1C(=O)O[C@@H]2/C=C(\C)CC/C=C(\C)C[C@@H](OC(=O)/C(=C\COC(C)=O)CO)[C@@H]12,4.5376020021010435,cluster_based
CHEMBL5077500,C=C1C(=O)O[C@@H]2/C=C(\C)CC/C=C(\CO)C[C@@H](OC(=O)/C(C)=C/C)[C@@H]12,C=C1C(=O)O[C@@H]2/C=C(\C)CC/C=C(\CO)C[C@@H](OC(=O)/C(C)=C/C)[C@@H]12,4.6020599913279625,cluster_based
CHEMBL5070918,C=C1C(=O)O[C@@H]2/C=C(\C)CC/C=C(\C)C[C@@H](OC(=O)/C(=C\C)CO)[C@@H]12,C=C1C(=O)O[C@@H]2/C=C(\C)CC/C=C(\C)C[C@@H](OC(=O)/C(=C\C)CO)[C@@H]12,4.5376020021010435,cluster_based
CHEMBL5079023,C=C1C(=O)O[C@@H]2/C=C(\C)CC/C=C(\CC(=O)O)C[C@@H](OC(=O)/C(C)=C/C)[C@@H]12,C=C1C(=O)O[C@@H]2/C=C(\C)CC/C=C(\CC(=O)O)C[C@@H](OC(=O)/C(C)=C/C)[C@@H]12,4.552841968657781,cluster_based
CHEMBL5083965,C=C1C(=O)O[C@@H]2/C=C(\C)CC/C=C(\C)C[C@@H](OC(=O)/C(=C/C)CO)[C@@H]12,C=C1C(=O)O[C@@H]2/C=C(\C)CC/C=C(\C)C[C@@H](OC(=O)/C(=C/C)CO)[C@@H]12,4.5376020021010435,cluster_based
CHEMBL5088957,C=C1C(=O)O[C@@H]2/C=C(\C)CC/C=C(\C)C[C@@H](OC(=O)/C(=C/C)COC(C)=O)[C@@H]12,C=C1C(=O)O[C@@H]2/C=C(\C)CC/C=C(\C)C[C@@H](OC(=O)/C(=C/C)COC(C)=O)[C@@H]12,4.6020599913279625,cluster_based
CHEMBL490011,C=C1C(=O)O[C@@H]2/C=C(\C)CC/C=C(\C)C[C@@H](OC(=O)/C(=C/CO)CO)[C@@H]12,C=C1C(=O)O[C@@H]2/C=C(\C)CC/C=C(\C)C[C@@H](OC(=O)/C(=C/CO)CO)[C@@H]12,4.552841968657781,cluster_based
CHEMBL50,O=c1c(O)c(-c2ccc(O)c(O)c2)oc2cc(O)cc(O)c12,O=c1c(O)c(-c2ccc(O)c(O)c2)oc2cc(O)cc(O)c12,4.966576244513051,cluster_based
CHEMBL5201393,CC(C)=CCc1cc(C[C@@]2(C(=O)O)OC(=O)C(OC(C)(C)[C@@H](O)Cc3cc(C[C@@]4(C(=O)O)OC(=O)C(O)=C4c4ccc(O)cc4)ccc3O)=C2c2ccc(O)cc2)ccc1O,CC(C)=CCc1cc(C[C@@]2(C(=O)O)OC(=O)C(OC(C)(C)[C@@H](O)Cc3cc(C[C@@]4(C(=O)O)OC(=O)C(O)=C4c4ccc(O)cc4)ccc3O)=C2c2ccc(O)cc2)ccc1O,4.978810700930062,cluster_based
CHEMBL5172902,COc1cc2c(c(O)c1CO)C(=O)OC[C@@H]2O,COc1cc2c(c(O)c1CO)C(=O)OC[C@@H]2O,2.85078088734462,cluster_based
CHEMBL4571630,COc1ccc(C2SCC(=O)N2c2ccc3nc(Cc4ccc(O)cc4)c(=O)[nH]c3c2)cc1,COc1ccc(C2SCC(=O)N2c2ccc3nc(Cc4ccc(O)cc4)c(=O)[nH]c3c2)cc1,3.5586662723105182,cluster_based
CHEMBL5187552,CC(C)c1nc2ccc(N3C(=O)CSC3c3ccc([N+](=O)[O-])cc3)cc2[nH]c1=O,CC(C)c1nc2ccc(N3C(=O)CSC3c3ccc([N+](=O)[O-])cc3)cc2[nH]c1=O,3.5212171324934007,cluster_based
CHEMBL5203236,O=c1[nH]c2ccccc2nc1N/N=C/c1cccs1,O=c1[nH]c2ccccc2nc1N/N=C/c1cccs1,5.000434511774017,cluster_based
CHEMBL5207115,O=c1[nH]c2ccccc2n2c(-c3ccc([N+](=O)[O-])cc3[N+](=O)[O-])ccc12,O=c1[nH]c2ccccc2n2c(-c3ccc([N+](=O)[O-])cc3[N+](=O)[O-])ccc12,4.638461028730721,cluster_based
CHEMBL5200953,O=c1[nH]c2ccccc2n2c(-c3ccc(O)cc3O)ccc12,O=c1[nH]c2ccccc2n2c(-c3ccc(O)cc3O)ccc12,4.88907375773358,cluster_based
CHEMBL5173825,Cc1ccc(NC(=O)Cn2c(=O)c(C)nc3ccccc32)c([N+](=O)[O-])c1,Cc1ccc(NC(=O)Cn2c(=O)c(C)nc3ccccc32)c([N+](=O)[O-])c1,4.0768596439747995,cluster_based
CHEMBL5195148,C=CCc1cc(CSc2nnc(-c3cccc(OC)c3)o2)c(O)c(-c2ccc(O)c(CC=C)c2)c1,C=CCc1cc(CSc2nnc(-c3cccc(OC)c3)o2)c(O)c(-c2ccc(O)c(CC=C)c2)c1,4.276544327964814,cluster_based
CHEMBL3751947,OC[C@@H]1NC[C@@H](O)[C@@H]1O,OC[C@@H]1NC[C@@H](O)[C@@H]1O,5.568636235841013,cluster_based
CHEMBL5175772,Cc1cc(O)c2c(c1)-c1c(-c3ccc(O)cc3)c(=O)oc3c1c-2c(O)c1cccc(O)c13,Cc1cc(O)c2c(c1)-c1c(-c3ccc(O)cc3)c(=O)oc3c1c-2c(O)c1cccc(O)c13,6.050609993355087,cluster_based
CHEMBL5194087,Cc1cc(O)c2c(c1)-c1c(-c3c[nH]c4ccccc34)c(=O)oc3c1c-2c(O)c1cccc(O)c13,Cc1cc(O)c2c(c1)-c1c(-c3c[nH]c4ccccc34)c(=O)oc3c1c-2c(O)c1cccc(O)c13,5.801342913045577,cluster_based
CHEMBL5289805,CC(C)=CCc1c(O)ccc2c1O/C(=C\c1ccc(O)cc1)C2=O,CC(C)=CCc1c(O)ccc2c1O/C(=C\c1ccc(O)cc1)C2=O,4.131943638176958,cluster_based
CHEMBL5274141,CC(C)(O)[C@H]1Cc2ccc3c(c2C1)O/C(=C\c1ccc(O)c(O)c1)C3=O,CC(C)(O)[C@H]1Cc2ccc3c(c2C1)O/C(=C\c1ccc(O)c(O)c1)C3=O,4.20690839982342,cluster_based
CHEMBL5281437,COc1ccc(CNC(=O)c2c(NC(=O)c3cccnc3)sc3c2CCC3)cc1,COc1ccc(CNC(=O)c2c(NC(=O)c3cccnc3)sc3c2CCC3)cc1,4.057495893831919,cluster_based
CHEMBL5267745,O=C(Nc1sc2c(c1C(=O)NCc1ccccc1)CCC2)c1cccnc1,O=C(Nc1sc2c(c1C(=O)NCc1ccccc1)CCC2)c1cccnc1,4.0835460514500745,cluster_based
CHEMBL5283691,COc1cc(CNC(=O)c2c(NC(=O)c3cccnc3)sc3c2CCC3)ccc1O,COc1cc(CNC(=O)c2c(NC(=O)c3cccnc3)sc3c2CCC3)ccc1O,4.028724151261895,cluster_based
CHEMBL5286422,COc1ccc(CNC(=O)c2c(NC(=O)c3cccnc3)sc3c2CCCC3)cc1,COc1ccc(CNC(=O)c2c(NC(=O)c3cccnc3)sc3c2CCCC3)cc1,4.519993057042849,cluster_based
CHEMBL5270418,O=C(Nc1sc2c(c1C(=O)NCc1ccccc1)CCCC2)c1cccnc1,O=C(Nc1sc2c(c1C(=O)NCc1ccccc1)CCCC2)c1cccnc1,4.343901797987168,cluster_based
CHEMBL5285158,O=C(Nc1sc2c(c1C(=O)NCc1ccccn1)CCCC2)c1cccnc1,O=C(Nc1sc2c(c1C(=O)NCc1ccccn1)CCCC2)c1cccnc1,4.193141970481182,cluster_based
CHEMBL5271561,O=C(Nc1sc2c(c1C(=O)NCc1cccnc1)CCCC2)c1cccnc1,O=C(Nc1sc2c(c1C(=O)NCc1cccnc1)CCCC2)c1cccnc1,3.294992040666664,cluster_based
CHEMBL5273222,COc1cc(CNC(=O)c2c(NC(=O)c3cccnc3)sc3c2CCCC3)ccc1O,COc1cc(CNC(=O)c2c(NC(=O)c3cccnc3)sc3c2CCCC3)ccc1O,5.00436480540245,cluster_based
CHEMBL5283357,COC(=O)c1ccc(CNC(=O)c2c(NC(=O)c3cccnc3)sc3c2CCCC3)cc1,COC(=O)c1ccc(CNC(=O)c2c(NC(=O)c3cccnc3)sc3c2CCCC3)cc1,4.056505484093897,cluster_based
CHEMBL5268974,O=C(Nc1sc2c(c1C(=O)NCc1ccccc1)CCCCC2)c1cccnc1,O=C(Nc1sc2c(c1C(=O)NCc1ccccc1)CCCCC2)c1cccnc1,4.1979107421182675,cluster_based
CHEMBL5269761,COc1cc(CNC(=O)c2c(NC(=O)c3cccnc3)sc3c2CCCCC3)ccc1O,COc1cc(CNC(=O)c2c(NC(=O)c3cccnc3)sc3c2CCCCC3)ccc1O,4.450996737974212,cluster_based
CHEMBL5270854,C=CCc1cc(-c2ccc(O)c(CC=C)c2)c(O)c(C(c2ccc(OC)cc2)N2CCCCC2)c1,C=CCc1cc(-c2ccc(O)c(CC=C)c2)c(O)c(C(c2ccc(OC)cc2)N2CCCCC2)c1,4.516412703031106,cluster_based
CHEMBL5280017,C=CCc1cc(-c2ccc(O)c(CC=C)c2)c(O)c(C(c2cc(Cl)cc(Cl)c2)N2CCCCC2)c1,C=CCc1cc(-c2ccc(O)c(CC=C)c2)c(O)c(C(c2cc(Cl)cc(Cl)c2)N2CCCCC2)c1,4.628747370875061,cluster_based
CHEMBL5286499,C=CCc1cc(-c2ccc(O)c(CC=C)c2)c(O)c(C(c2cc(Cl)cc(Cl)c2)N2CCC(C)CC2)c1,C=CCc1cc(-c2ccc(O)c(CC=C)c2)c(O)c(C(c2cc(Cl)cc(Cl)c2)N2CCC(C)CC2)c1,4.82564940252062,cluster_based
CHEMBL5273816,C=CCc1cc(-c2ccc(O)c(CC=C)c2)c(O)c(C(c2cc(Cl)cc(Cl)c2)N2CCOCC2)c1,C=CCc1cc(-c2ccc(O)c(CC=C)c2)c(O)c(C(c2cc(Cl)cc(Cl)c2)N2CCOCC2)c1,4.860750782428393,cluster_based
CHEMBL5269617,C=CCc1cc(-c2cc(CC=C)c(O)c(C(c3ccc(Cl)cc3)N3CCOCC3)c2)c(O)c(C(c2ccc(Cl)cc2)N2CCOCC2)c1,C=CCc1cc(-c2cc(CC=C)c(O)c(C(c3ccc(Cl)cc3)N3CCOCC3)c2)c(O)c(C(c2ccc(Cl)cc2)N2CCOCC2)c1,4.730954290342377,cluster_based
CHEMBL480722,CC(C)=CCC/C(C)=C/Cc1c(O)cc(O)c(C(=O)/C=C/c2ccc(O)cc2)c1O,CC(C)=CCC/C(C)=C/Cc1c(O)cc(O)c(C(=O)/C=C/c2ccc(O)cc2)c1O,5.966576244513051,cluster_based
CHEMBL4856778,O=c1c2cc(O)c(O)cc2oc2cc(O)c([C@H]3O[C@@H](CO)[C@H](O)[C@@H](O)[C@@H]3O)c(O)c12,O=c1c2cc(O)c(O)cc2oc2cc(O)c([C@H]3O[C@@H](CO)[C@H](O)[C@@H](O)[C@@H]3O)c(O)c12,4.886056647693163,cluster_based
CHEMBL3093492,COc1cc(O)c2c(=O)c3c(OC)c(OC)ccc3oc2c1OC,COc1cc(O)c2c(=O)c3c(OC)c(OC)ccc3oc2c1OC,4.181774106386045,cluster_based
CHEMBL5282121,COc1ccc2oc3cc(O)cc(O)c3c(=O)c2c1O,COc1ccc2oc3cc(O)cc(O)c3c(=O)c2c1O,4.147520006363144,cluster_based
CHEMBL3093478,COc1cc(O)c2c(=O)c3cc(O)ccc3oc2c1,COc1cc(O)c2c(=O)c3cc(O)ccc3oc2c1,4.497572880015567,cluster_based
CHEMBL361025,O=c1c2cc(O)ccc2oc2cc(O)cc(O)c12,O=c1c2cc(O)ccc2oc2cc(O)cc(O)c12,4.497572880015567,cluster_based
CHEMBL5287329,COc1ccc2oc3cc(O)cc(O)c3c(=O)c2c1OC,COc1ccc2oc3cc(O)cc(O)c3c(=O)c2c1OC,4.7447274948966935,cluster_based
CHEMBL5280310,COc1cc(O)c2c(=O)c3c(O)ccc(O)c3oc2c1OC,COc1cc(O)c2c(=O)c3c(O)ccc(O)c3oc2c1OC,4.0851281824599495,cluster_based
CHEMBL5276460,COc1cc(O)c2c(=O)c3c(OC)ccc(OC)c3oc2c1OC,COc1cc(O)c2c(=O)c3c(OC)ccc(OC)c3oc2c1OC,4.396855627379818,cluster_based
CHEMBL5290214,COc1cc(O)c2c(=O)c3c(OC)ccc(OC)c3oc2c1,COc1cc(O)c2c(=O)c3c(OC)ccc(OC)c3oc2c1,4.120330794367947,cluster_based
CHEMBL187043,O=c1c2c(O)cc(O)cc2oc2ccc(O)c(O)c12,O=c1c2c(O)cc(O)cc2oc2ccc(O)c(O)c12,5.149353764816934,cluster_based
CHEMBL5287286,COc1cc(O[C@H]2O[C@@H](CO)[C@H](O)[C@H](O)[C@@H]2O)c2c(=O)c3ccc(O)c(OC)c3oc2c1,COc1cc(O[C@H]2O[C@@H](CO)[C@H](O)[C@H](O)[C@@H]2O)c2c(=O)c3ccc(O)c(OC)c3oc2c1,4.073143291050307,cluster_based
CHEMBL5289610,COc1cc(O)c2c(=O)c3c(O)c(C4O[C@@H](O)[C@H](O)[C@H](O[C@@H]5O[C@@H](C)[C@@H](O)[C@@H](O)[C@@H]5O)[C@@H]4O[C@@H]4O[C@@H](C)[C@H](O)[C@@H](O)[C@H]4O)ccc3oc2c1,COc1cc(O)c2c(=O)c3c(O)c(C4O[C@@H](O)[C@H](O)[C@H](O[C@@H]5O[C@@H](C)[C@@H](O)[C@@H](O)[C@@H]5O)[C@@H]4O[C@@H]4O[C@@H](C)[C@H](O)[C@@H](O)[C@H]4O)ccc3oc2c1,3.3010299956639813,cluster_based
CHEMBL5280602,O=c1c2c(O[C@H]3O[C@@H](CO)[C@H](O)[C@H](O)[C@@H]3O)cc(O)cc2oc2ccc(O)c(O)c12,O=c1c2c(O[C@H]3O[C@@H](CO)[C@H](O)[C@H](O)[C@@H]3O)cc(O)cc2oc2ccc(O)c(O)c12,3.8738685927380154,cluster_based
CHEMBL5287620,COc1cc(O)c2c(=O)c3c(O)c(O[C@H]4O[C@@H](CO)[C@H](O)[C@H](O)[C@@H]4O)ccc3oc2c1OC,COc1cc(O)c2c(=O)c3c(O)c(O[C@H]4O[C@@H](CO)[C@H](O)[C@H](O)[C@@H]4O)ccc3oc2c1OC,3.4035128662634557,cluster_based
CHEMBL5266980,COc1cc(O)c2c(=O)c3c(O)c(O[C@H]4O[C@@H](CO)[C@H](O)[C@H](O)[C@@H]4O)ccc3oc2c1,COc1cc(O)c2c(=O)c3c(O)c(O[C@H]4O[C@@H](CO)[C@H](O)[C@H](O)[C@@H]4O)ccc3oc2c1,3.939302159646388,cluster_based
CHEMBL5279492,COc1cc(O[C@H]2O[C@@H](CO)[C@H](O)[C@H](O)[C@@H]2O)c2c(=O)c3c(OC)c(OC)ccc3oc2c1,COc1cc(O[C@H]2O[C@@H](CO)[C@H](O)[C@H](O)[C@@H]2O)c2c(=O)c3c(OC)c(OC)ccc3oc2c1,4.076755981369724,cluster_based
CHEMBL5270478,COc1cc(O)c2c(=O)c3c(OC)cc(O)cc3oc2c1OC,COc1cc(O)c2c(=O)c3c(OC)cc(O)cc3oc2c1OC,3.3010299956639813,cluster_based
CHEMBL467590,COc1cc(O)c2c(=O)c3c(OC)c(O)ccc3oc2c1,COc1cc(O)c2c(=O)c3c(OC)c(O)ccc3oc2c1,3.3010299956639813,cluster_based
CHEMBL1709767,COc1cc(O)c2c(=O)c3c(O)c(O)ccc3oc2c1OC,COc1cc(O)c2c(=O)c3c(O)c(O)ccc3oc2c1OC,5.266000713461613,cluster_based
CHEMBL3704820,COc1cc(O)c2c(=O)c3c(O)c(OC)ccc3oc2c1,COc1cc(O)c2c(=O)c3c(O)c(OC)ccc3oc2c1,3.96738123914928,cluster_based
CHEMBL26323,COc1cc(O)c2c(=O)c3c(OC)c(OC)ccc3oc2c1,COc1cc(O)c2c(=O)c3c(OC)c(OC)ccc3oc2c1,3.84740592207253,cluster_based
CHEMBL187044,COc1cc(O)c2c(=O)c3c(O)c(O)ccc3oc2c1,COc1cc(O)c2c(=O)c3c(O)c(O)ccc3oc2c1,4.51427857351842,cluster_based
CHEMBL3093493,COc1cc(O)c2c(=O)c3c(OC)c(O)ccc3oc2c1OC,COc1cc(O)c2c(=O)c3c(OC)c(O)ccc3oc2c1OC,4.111259039317107,cluster_based
CHEMBL2409395,COc1cc(O)c2c(=O)c3c(O)c(O[C@@H]4O[C@H](CO)[C@@H](O)[C@H](O)[C@H]4O[C@@H]4O[C@@H](C)[C@H](O)[C@@H](O)[C@H]4O)ccc3oc2c1,COc1cc(O)c2c(=O)c3c(O)c(O[C@@H]4O[C@H](CO)[C@@H](O)[C@H](O)[C@H]4O[C@@H]4O[C@@H](C)[C@H](O)[C@@H](O)[C@H]4O)ccc3oc2c1,4.120330794367947,cluster_based
CHEMBL512072,O=c1c2c(O)cc(O)cc2oc2c(O)ccc(O[C@@H]3O[C@H](CO)[C@@H](O)[C@H](O)[C@H]3O)c12,O=c1c2c(O)cc(O)cc2oc2c(O)ccc(O[C@@H]3O[C@H](CO)[C@@H](O)[C@H](O)[C@H]3O)c12,3.3010299956639813,cluster_based
CHEMBL5271324,COc1cc(O)c2c(=O)c3c(O)c(O[C@@H]4OC[C@@H](O)[C@H](O)[C@H]4O[C@@H]4O[C@@H](C)[C@H](O)[C@@H](O)[C@H]4O)ccc3oc2c1,COc1cc(O)c2c(=O)c3c(O)c(O[C@@H]4OC[C@@H](O)[C@H](O)[C@H]4O[C@@H]4O[C@@H](C)[C@H](O)[C@@H](O)[C@H]4O)ccc3oc2c1,4.507239610973162,cluster_based
CHEMBL5267559,O=c1c2c(O)c(O)ccc2oc2cc(O)c(O[C@@H]3O[C@H](CO)[C@@H](O)[C@H](O)[C@H]3O)c(O)c12,O=c1c2c(O)c(O)ccc2oc2cc(O)c(O[C@@H]3O[C@H](CO)[C@@H](O)[C@H](O)[C@H]3O)c(O)c12,3.8526328922062136,cluster_based
CHEMBL5290427,COc1cc(O)c2c(=O)c3cc(O[C@H]4O[C@@H](CO)[C@H](O)[C@H](O)[C@@H]4O)ccc3oc2c1OC,COc1cc(O)c2c(=O)c3cc(O[C@H]4O[C@@H](CO)[C@H](O)[C@H](O)[C@@H]4O)ccc3oc2c1OC,3.940058111938045,cluster_based
CHEMBL219553,COc1cc(O)cc(CCc2ccc(O)c(OC)c2)c1,COc1cc(O)cc(CCc2ccc(O)c(OC)c2)c1,3.9867413347164833,cluster_based
CHEMBL5282250,COc1ccc(CCc2cc(O)c(O)c(OC)c2)cc1,COc1ccc(CCc2cc(O)c(O)c(OC)c2)cc1,3.700057099977233,cluster_based
CHEMBL5266364,COc1cc(CCc2cccc(O)c2)cc(O)c1O,COc1cc(CCc2cccc(O)c2)cc(O)c1O,3.669789215428472,cluster_based
CHEMBL5271893,COc1cc(C2Nc3ccccc3C(=O)N2Nc2ccccc2)ccc1OCc1cn(CC(=O)NCc2ccc(C)cc2)nn1,COc1cc(C2Nc3ccccc3C(=O)N2Nc2ccccc2)ccc1OCc1cn(CC(=O)NCc2ccc(C)cc2)nn1,5.267606240177032,cluster_based
CHEMBL5277262,COc1cc(C2Nc3ccccc3C(=O)N2Nc2ccccc2)ccc1OCc1cn(CC(=O)NCc2ccccc2)nn1,COc1cc(C2Nc3ccccc3C(=O)N2Nc2ccccc2)ccc1OCc1cn(CC(=O)NCc2ccccc2)nn1,4.935542010773082,cluster_based
CHEMBL5281806,COc1cc(C2Nc3ccccc3C(=O)N2Nc2ccccc2)ccc1OCc1cn(CC(=O)Nc2ccc([N+](=O)[O-])cc2)nn1,COc1cc(C2Nc3ccccc3C(=O)N2Nc2ccccc2)ccc1OCc1cn(CC(=O)Nc2ccc([N+](=O)[O-])cc2)nn1,5.221848749616356,cluster_based
CHEMBL5266791,COc1cc(C2Nc3ccccc3C(=O)N2Nc2ccccc2)ccc1OCc1cn(CC(=O)Nc2ccc(Br)cc2)nn1,COc1cc(C2Nc3ccccc3C(=O)N2Nc2ccccc2)ccc1OCc1cn(CC(=O)Nc2ccc(Br)cc2)nn1,3.85325198636936,cluster_based
CHEMBL5282594,COc1cc(C2Nc3ccccc3C(=O)N2Nc2ccccc2)ccc1OCc1cn(CC(=O)Nc2ccc(Cl)cc2)nn1,COc1cc(C2Nc3ccccc3C(=O)N2Nc2ccccc2)ccc1OCc1cn(CC(=O)Nc2ccc(Cl)cc2)nn1,5.173925197299174,cluster_based
CHEMBL5268812,COc1ccc(NC(=O)Cn2cc(COc3ccc(C4Nc5ccccc5C(=O)N4Nc4ccccc4)cc3OC)nn2)cc1,COc1ccc(NC(=O)Cn2cc(COc3ccc(C4Nc5ccccc5C(=O)N4Nc4ccccc4)cc3OC)nn2)cc1,5.301029995663981,cluster_based
CHEMBL5277625,CCc1ccc(NC(=O)Cn2cc(COc3ccc(C4Nc5ccccc5C(=O)N4Nc4ccccc4)cc3OC)nn2)cc1,CCc1ccc(NC(=O)Cn2cc(COc3ccc(C4Nc5ccccc5C(=O)N4Nc4ccccc4)cc3OC)nn2)cc1,5.142667503568732,cluster_based
CHEMBL5287920,COc1cc(C2Nc3ccccc3C(=O)N2Nc2ccccc2)ccc1OCc1cn(CC(=O)Nc2ccc(C)cc2C)nn1,COc1cc(C2Nc3ccccc3C(=O)N2Nc2ccccc2)ccc1OCc1cn(CC(=O)Nc2ccc(C)cc2C)nn1,4.97469413473523,cluster_based
CHEMBL5287798,COc1cc(C2Nc3ccccc3C(=O)N2Nc2ccccc2)ccc1OCc1cn(CC(=O)Nc2ccc(C)cc2)nn1,COc1cc(C2Nc3ccccc3C(=O)N2Nc2ccccc2)ccc1OCc1cn(CC(=O)Nc2ccc(C)cc2)nn1,4.886056647693163,cluster_based
CHEMBL5275387,COc1cc(C2Nc3ccccc3C(=O)N2Nc2ccccc2)ccc1OCc1cn(CC(=O)Nc2ccccc2)nn1,COc1cc(C2Nc3ccccc3C(=O)N2Nc2ccccc2)ccc1OCc1cn(CC(=O)Nc2ccccc2)nn1,4.931814138253839,cluster_based
CHEMBL5268702,Cc1ccc(CNC(=O)Cn2cc(COc3ccc(C4Nc5ccccc5C(=O)N4Nc4ccccc4)cc3)nn2)cc1,Cc1ccc(CNC(=O)Cn2cc(COc3ccc(C4Nc5ccccc5C(=O)N4Nc4ccccc4)cc3)nn2)cc1,5.080921907623926,cluster_based
CHEMBL5286942,O=C(Cn1cc(COc2ccc(C3Nc4ccccc4C(=O)N3Nc3ccccc3)cc2)nn1)NCc1ccccc1,O=C(Cn1cc(COc2ccc(C3Nc4ccccc4C(=O)N3Nc3ccccc3)cc2)nn1)NCc1ccccc1,4.920818753952375,cluster_based
CHEMBL5279383,O=C(Cn1cc(COc2ccc(C3Nc4ccccc4C(=O)N3Nc3ccccc3)cc2)nn1)Nc1ccc([N+](=O)[O-])cc1,O=C(Cn1cc(COc2ccc(C3Nc4ccccc4C(=O)N3Nc3ccccc3)cc2)nn1)Nc1ccc([N+](=O)[O-])cc1,4.920818753952375,cluster_based
CHEMBL5283167,O=C(Cn1cc(COc2ccc(C3Nc4ccccc4C(=O)N3Nc3ccccc3)cc2)nn1)Nc1ccc(Br)cc1,O=C(Cn1cc(COc2ccc(C3Nc4ccccc4C(=O)N3Nc3ccccc3)cc2)nn1)Nc1ccc(Br)cc1,5.096910013008056,cluster_based
CHEMBL5280846,O=C(Cn1cc(COc2ccc(C3Nc4ccccc4C(=O)N3Nc3ccccc3)cc2)nn1)Nc1ccc(Cl)cc1,O=C(Cn1cc(COc2ccc(C3Nc4ccccc4C(=O)N3Nc3ccccc3)cc2)nn1)Nc1ccc(Cl)cc1,4.815308569182401,cluster_based
CHEMBL5277603,COc1ccc(NC(=O)Cn2cc(COc3ccc(C4Nc5ccccc5C(=O)N4Nc4ccccc4)cc3)nn2)cc1,COc1ccc(NC(=O)Cn2cc(COc3ccc(C4Nc5ccccc5C(=O)N4Nc4ccccc4)cc3)nn2)cc1,4.370590400897281,cluster_based
CHEMBL5287039,CCc1ccc(NC(=O)Cn2cc(COc3ccc(C4Nc5ccccc5C(=O)N4Nc4ccccc4)cc3)nn2)cc1,CCc1ccc(NC(=O)Cn2cc(COc3ccc(C4Nc5ccccc5C(=O)N4Nc4ccccc4)cc3)nn2)cc1,4.8326826652518236,cluster_based
CHEMBL5279273,Cc1ccc(NC(=O)Cn2cc(COc3ccc(C4Nc5ccccc5C(=O)N4Nc4ccccc4)cc3)nn2)c(C)c1,Cc1ccc(NC(=O)Cn2cc(COc3ccc(C4Nc5ccccc5C(=O)N4Nc4ccccc4)cc3)nn2)c(C)c1,5.318758762624412,cluster_based
CHEMBL5271794,Cc1ccc(NC(=O)Cn2cc(COc3ccc(C4Nc5ccccc5C(=O)N4Nc4ccccc4)cc3)nn2)cc1,Cc1ccc(NC(=O)Cn2cc(COc3ccc(C4Nc5ccccc5C(=O)N4Nc4ccccc4)cc3)nn2)cc1,4.0195421077238995,cluster_based
CHEMBL5278958,O=C(Cn1cc(COc2ccc(C3Nc4ccccc4C(=O)N3Nc3ccccc3)cc2)nn1)Nc1ccccc1,O=C(Cn1cc(COc2ccc(C3Nc4ccccc4C(=O)N3Nc3ccccc3)cc2)nn1)Nc1ccccc1,4.779891911959945,cluster_based
CHEMBL5270724,COc1ccc(-c2ncc(NC(=O)Cn3cc(COc4ccc(-c5nc6ccccc6[nH]5)cc4)nn3)s2)cc1,COc1ccc(-c2ncc(NC(=O)Cn3cc(COc4ccc(-c5nc6ccccc6[nH]5)cc4)nn3)s2)cc1,5.199970640755866,cluster_based
CHEMBL5277400,CCc1ccc(NC(=O)Cn2cc(COc3ccc(-c4nc5ccccc5[nH]4)cc3)nn2)cc1,CCc1ccc(NC(=O)Cn2cc(COc3ccc(-c4nc5ccccc5[nH]4)cc3)nn2)cc1,4.598599459218456,cluster_based
CHEMBL4128298,O=C(Cn1c(Cc2ccc(Br)cc2)nc2ccccc2c1=O)NNC(=O)c1cc2ccccc2oc1=O,O=C(Cn1c(Cc2ccc(Br)cc2)nc2ccccc2c1=O)NNC(=O)c1cc2ccccc2oc1=O,5.136677139879544,cluster_based
CHEMBL30707,O=c1oc2cc(O)ccc2c2oc3cc(O)ccc3c12,O=c1oc2cc(O)ccc2c2oc3cc(O)ccc3c12,5.221848749616356,cluster_based
CHEMBL5269655,COc1ccc2c(c1OC)O[C@H]1c3ccc(O)cc3OC[C@@H]21,COc1ccc2c(c1OC)O[C@H]1c3ccc(O)cc3OC[C@@H]21,3.758951849328356,cluster_based
CHEMBL5290636,CC1(C)C=Cc2c(ccc3c2OC2c4ccc(O)cc4OCC32)O1,CC1(C)C=Cc2c(ccc3c2OC2c4ccc(O)cc4OCC32)O1,5.221848749616356,cluster_based
CHEMBL3264731,O=c1oc2ccc(Cl)cc2c(O)c1C(c1cccc([N+](=O)[O-])c1)c1c(O)c2cc(Cl)ccc2oc1=O,O=c1oc2ccc(Cl)cc2c(O)c1C(c1cccc([N+](=O)[O-])c1)c1c(O)c2cc(Cl)ccc2oc1=O,4.567511744229494,cluster_based
CHEMBL3264730,O=c1oc2ccc(Cl)cc2c(O)c1C(c1ccc(Cl)cc1Cl)c1c(O)c2cc(Cl)ccc2oc1=O,O=c1oc2ccc(Cl)cc2c(O)c1C(c1ccc(Cl)cc1Cl)c1c(O)c2cc(Cl)ccc2oc1=O,4.781464494783472,cluster_based
CHEMBL3264720,COc1cc(C(c2c(O)c3cc(C)ccc3oc2=O)c2c(O)c3cc(C)ccc3oc2=O)cc(OC)c1OC,COc1cc(C(c2c(O)c3cc(C)ccc3oc2=O)c2c(O)c3cc(C)ccc3oc2=O)cc(OC)c1OC,3.4134239466263687,cluster_based
CHEMBL3264733,CCOc1cc(C(c2c(O)c3cc(C)ccc3oc2=O)c2c(O)c3cc(C)ccc3oc2=O)ccc1O,CCOc1cc(C(c2c(O)c3cc(C)ccc3oc2=O)c2c(O)c3cc(C)ccc3oc2=O)ccc1O,3.655489834313468,cluster_based
CHEMBL3264735,COc1ccc(C(c2c(O)c3cc(C)ccc3oc2=O)c2c(O)c3cc(C)ccc3oc2=O)cc1,COc1ccc(C(c2c(O)c3cc(C)ccc3oc2=O)c2c(O)c3cc(C)ccc3oc2=O)cc1,3.9721205907927923,cluster_based
CHEMBL3264726,COc1ccc(C(c2c(O)c3cc(Cl)ccc3oc2=O)c2c(O)c3cc(Cl)ccc3oc2=O)cc1O,COc1ccc(C(c2c(O)c3cc(Cl)ccc3oc2=O)c2c(O)c3cc(Cl)ccc3oc2=O)cc1O,3.9467294333186214,cluster_based
CHEMBL3264725,O=c1oc2ccc(Cl)cc2c(O)c1C(c1cccc(O)c1)c1c(O)c2cc(Cl)ccc2oc1=O,O=c1oc2ccc(Cl)cc2c(O)c1C(c1cccc(O)c1)c1c(O)c2cc(Cl)ccc2oc1=O,4.075410614330582,cluster_based
CHEMBL3264724,COc1cc(C(c2c(O)c3cc(Cl)ccc3oc2=O)c2c(O)c3cc(Cl)ccc3oc2=O)ccc1O,COc1cc(C(c2c(O)c3cc(Cl)ccc3oc2=O)c2c(O)c3cc(Cl)ccc3oc2=O)ccc1O,4.077585975854365,cluster_based
CHEMBL3264727,CCOc1cc(C(c2c(O)c3cc(Cl)ccc3oc2=O)c2c(O)c3cc(Cl)ccc3oc2=O)ccc1O,CCOc1cc(C(c2c(O)c3cc(Cl)ccc3oc2=O)c2c(O)c3cc(Cl)ccc3oc2=O)ccc1O,4.243059763953275,cluster_based
CHEMBL3264728,COc1cc(C(c2c(O)c3cc(Cl)ccc3oc2=O)c2c(O)c3cc(Cl)ccc3oc2=O)cc(OC)c1OC,COc1cc(C(c2c(O)c3cc(Cl)ccc3oc2=O)c2c(O)c3cc(Cl)ccc3oc2=O)cc(OC)c1OC,3.892315280344158,cluster_based
CHEMBL3264729,COc1ccc(C(c2c(O)c3cc(Cl)ccc3oc2=O)c2c(O)c3cc(Cl)ccc3oc2=O)cc1OC,COc1ccc(C(c2c(O)c3cc(Cl)ccc3oc2=O)c2c(O)c3cc(Cl)ccc3oc2=O)cc1OC,4.039243909098227,cluster_based
CHEMBL5549876,CCN1C(=O)/C(=C\c2ccccc2)S/C1=N/c1ccc(S(N)(=O)=O)cc1,CCN1C(=O)/C(=C\c2ccccc2)S/C1=N/c1ccc(S(N)(=O)=O)cc1,5.693574972449313,cluster_based
CHEMBL5527910,CCN1C(=O)/C(=C\c2ccc(OC)cc2)S/C1=N/c1ccc(S(N)(=O)=O)cc1,CCN1C(=O)/C(=C\c2ccc(OC)cc2)S/C1=N/c1ccc(S(N)(=O)=O)cc1,5.964570261815451,cluster_based
CHEMBL5505787,CCN1C(=O)/C(=C\c2ccc(Cl)cc2)S/C1=N/c1ccc(S(N)(=O)=O)cc1,CCN1C(=O)/C(=C\c2ccc(Cl)cc2)S/C1=N/c1ccc(S(N)(=O)=O)cc1,6.349692476868063,cluster_based
CHEMBL5556926,CCN1C(=O)/C(=C\c2ccc(F)cc2)S/C1=N/c1ccc(S(N)(=O)=O)cc1,CCN1C(=O)/C(=C\c2ccc(F)cc2)S/C1=N/c1ccc(S(N)(=O)=O)cc1,5.8941493256148565,cluster_based
CHEMBL5523415,NS(=O)(=O)c1ccc(/N=C2\NC(=O)/C(=C3\C(=O)Nc4ccccc43)S2)cc1,NS(=O)(=O)c1ccc(/N=C2\NC(=O)/C(=C3\C(=O)Nc4ccccc43)S2)cc1,5.736837535037783,cluster_based
CHEMBL5557090,O=C1N/C(=N\c2nccs2)S/C1=C\c1cc(C(F)(F)F)c2scnc2c1O,O=C1N/C(=N\c2nccs2)S/C1=C\c1cc(C(F)(F)F)c2scnc2c1O,5.494850021680094,cluster_based
CHEMBL5556230,Cc1ccc(N2C(=O)CS/C2=N\N=C(\CSc2nc3ccccc3[nH]2)c2ccc(Cl)cc2)cc1,Cc1ccc(N2C(=O)CS/C2=N\N=C(\CSc2nc3ccccc3[nH]2)c2ccc(Cl)cc2)cc1,5.008773924307505,cluster_based
CHEMBL5517665,O=C1CSC(c2ccc([N+](=O)[O-])cc2)N1Cc1ccc2c(c1)OCO2,O=C1CSC(c2ccc([N+](=O)[O-])cc2)N1Cc1ccc2c(c1)OCO2,5.229147988357856,cluster_based
CHEMBL2315734,O=C1N/C(=N\c2nccs2)S/C1=C\c1ccc(F)cc1,O=C1N/C(=N\c2nccs2)S/C1=C\c1ccc(F)cc1,5.619788758288394,cluster_based
CHEMBL5395316,COc1ccc(-c2[nH]c3c(c2CC#N)c(=O)oc2ccccc23)cc1,COc1ccc(-c2[nH]c3c(c2CC#N)c(=O)oc2ccccc23)cc1,4.312917155395629,cluster_based
CHEMBL5560020,O=C1Nc2ccccc2/C1=N/N=C/c1ccc(OCc2cn(Cc3ccccc3F)nn2)cc1,O=C1Nc2ccccc2/C1=N/N=C/c1ccc(OCc2cn(Cc3ccccc3F)nn2)cc1,4.784362436564939,cluster_based
CHEMBL5555649,O=C(N/N=C/c1ccccc1)c1ccc(OCc2cn(Cc3ccccc3)nn2)cc1,O=C(N/N=C/c1ccccc1)c1ccc(OCc2cn(Cc3ccccc3)nn2)cc1,7.698970004336019,cluster_based
CHEMBL5430942,COc1cc(-c2nc3ccccc3[nH]2)ccc1OCc1cn(CC(=O)Nc2cnc(-c3ccccc3)s2)nn1,COc1cc(-c2nc3ccccc3[nH]2)ccc1OCc1cn(CC(=O)Nc2cnc(-c3ccccc3)s2)nn1,5.199970640755866,cluster_based
CHEMBL389656,Oc1ccccc1-c1nc(-c2ccccc2)c(-c2ccccc2)[nH]1,Oc1ccccc1-c1nc(-c2ccccc2)c(-c2ccccc2)[nH]1,4.128894299014415,cluster_based
CHEMBL1160559,O=C(O)c1ccc2ccccc2n1,O=C(O)c1ccc2ccccc2n1,4.27083521030723,cluster_based
CHEMBL5566368,CCOC(=O)c1c(SCC(=O)Nc2ccccc2)nnc(-c2ccccc2)c1-c1ccccc1,CCOC(=O)c1c(SCC(=O)Nc2ccccc2)nnc(-c2ccccc2)c1-c1ccccc1,4.154281982033341,cluster_based
CHEMBL5592521,O=C(NNC(=S)Nc1ccccc1F)c1cc2c([nH]c3ccccc32)c(-c2ccccc2)n1,O=C(NNC(=S)Nc1ccccc1F)c1cc2c([nH]c3ccccc32)c(-c2ccccc2)n1,5.008773924307505,cluster_based
CHEMBL5591690,O=C(NNC(=S)Nc1ccccc1Cl)c1cc2c([nH]c3ccccc32)c(-c2ccccc2)n1,O=C(NNC(=S)Nc1ccccc1Cl)c1cc2c([nH]c3ccccc32)c(-c2ccccc2)n1,5.072116589669293,cluster_based
CHEMBL5584200,O=C(NNC(=S)Nc1ccccc1Br)c1cc2c([nH]c3ccccc32)c(-c2ccccc2)n1,O=C(NNC(=S)Nc1ccccc1Br)c1cc2c([nH]c3ccccc32)c(-c2ccccc2)n1,5.026410376572743,cluster_based
CHEMBL5595852,Cc1ccccc1NC(=S)NNC(=O)c1cc2c([nH]c3ccccc32)c(-c2ccccc2)n1,Cc1ccccc1NC(=S)NNC(=O)c1cc2c([nH]c3ccccc32)c(-c2ccccc2)n1,4.906578314837765,cluster_based
CHEMBL5592894,O=C(NNC(=S)Nc1ccccc1C(F)(F)F)c1cc2c([nH]c3ccccc32)c(-c2ccccc2)n1,O=C(NNC(=S)Nc1ccccc1C(F)(F)F)c1cc2c([nH]c3ccccc32)c(-c2ccccc2)n1,5.280668713016273,cluster_based
CHEMBL5595481,O=C(NNC(=S)Nc1ccccc1OC(F)(F)F)c1cc2c([nH]c3ccccc32)c(-c2ccccc2)n1,O=C(NNC(=S)Nc1ccccc1OC(F)(F)F)c1cc2c([nH]c3ccccc32)c(-c2ccccc2)n1,4.959002307576509,cluster_based
CHEMBL5593118,COc1ccccc1NC(=S)NNC(=O)c1cc2c([nH]c3ccccc32)c(-c2ccccc2)n1,COc1ccccc1NC(=S)NNC(=O)c1cc2c([nH]c3ccccc32)c(-c2ccccc2)n1,4.921543181946707,cluster_based
CHEMBL5589774,COc1cccc(NC(=S)NNC(=O)c2cc3c([nH]c4ccccc43)c(-c3ccccc3)n2)c1,COc1cccc(NC(=S)NNC(=O)c2cc3c([nH]c4ccccc43)c(-c3ccccc3)n2)c1,5.0467236633326955,cluster_based
CHEMBL5589860,COc1ccc(NC(=S)NNC(=O)c2cc3c([nH]c4ccccc43)c(-c3ccccc3)n2)cc1,COc1ccc(NC(=S)NNC(=O)c2cc3c([nH]c4ccccc43)c(-c3ccccc3)n2)cc1,4.949620243738543,cluster_based
CHEMBL5593720,CCOc1ccccc1NC(=S)NNC(=O)c1cc2c([nH]c3ccccc32)c(-c2ccccc2)n1,CCOc1ccccc1NC(=S)NNC(=O)c1cc2c([nH]c3ccccc32)c(-c2ccccc2)n1,5.335358024443875,cluster_based
CHEMBL5594964,O=C(NNC(=S)Nc1cccc(OCc2ccccc2)c1)c1cc2c([nH]c3ccccc32)c(-c2ccccc2)n1,O=C(NNC(=S)Nc1cccc(OCc2ccccc2)c1)c1cc2c([nH]c3ccccc32)c(-c2ccccc2)n1,5.530177984021837,cluster_based
CHEMBL5583905,Cc1ccc(NC(=S)NNC(=O)c2cc3c([nH]c4ccccc43)c(-c3ccccc3)n2)c(C)c1,Cc1ccc(NC(=S)NNC(=O)c2cc3c([nH]c4ccccc43)c(-c3ccccc3)n2)c(C)c1,5.070070439915412,cluster_based
CHEMBL5595072,Cc1ccc(C)c(NC(=S)NNC(=O)c2cc3c([nH]c4ccccc43)c(-c3ccccc3)n2)c1,Cc1ccc(C)c(NC(=S)NNC(=O)c2cc3c([nH]c4ccccc43)c(-c3ccccc3)n2)c1,5.338187314462739,cluster_based
CHEMBL5595016,Cc1cccc(C)c1NC(=S)NNC(=O)c1cc2c([nH]c3ccccc32)c(-c2ccccc2)n1,Cc1cccc(C)c1NC(=S)NNC(=O)c1cc2c([nH]c3ccccc32)c(-c2ccccc2)n1,4.980468315468745,cluster_based
CHEMBL5589699,COc1ccc(NC(=S)NNC(=O)c2cc3c([nH]c4ccccc43)c(-c3ccccc3)n2)c(OC)c1,COc1ccc(NC(=S)NNC(=O)c2cc3c([nH]c4ccccc43)c(-c3ccccc3)n2)c(OC)c1,5.162411561764489,cluster_based
CHEMBL5590184,COc1ccc(OC)c(NC(=S)NNC(=O)c2cc3c([nH]c4ccccc43)c(-c3ccccc3)n2)c1,COc1ccc(OC)c(NC(=S)NNC(=O)c2cc3c([nH]c4ccccc43)c(-c3ccccc3)n2)c1,5.286509456906058,cluster_based
CHEMBL5592227,COc1ccc(NC(=S)NNC(=O)c2cc3c([nH]c4ccccc43)c(-c3ccccc3)n2)cc1OC,COc1ccc(NC(=S)NNC(=O)c2cc3c([nH]c4ccccc43)c(-c3ccccc3)n2)cc1OC,5.080921907623926,cluster_based
CHEMBL5592116,COc1cc(NC(=S)NNC(=O)c2cc3c([nH]c4ccccc43)c(-c3ccccc3)n2)cc(OC)c1,COc1cc(NC(=S)NNC(=O)c2cc3c([nH]c4ccccc43)c(-c3ccccc3)n2)cc(OC)c1,5.229147988357856,cluster_based
CHEMBL5592418,COc1cc(NC(=S)NNC(=O)c2cc3c([nH]c4ccccc43)c(-c3ccccc3)n2)cc(OC)c1OC,COc1cc(NC(=S)NNC(=O)c2cc3c([nH]c4ccccc43)c(-c3ccccc3)n2)cc(OC)c1OC,4.911863911299449,cluster_based
CHEMBL5420199,O=S(=O)(NCCc1c[nH]c2ccccc12)c1cc(F)ccc1Cl,O=S(=O)(NCCc1c[nH]c2ccccc12)c1cc(F)ccc1Cl,5.795880017344075,cluster_based
