Ligand,Best Score
lig_0,-3.912
lig_1,-3.889
lig_10,-4.188
lig_100,-7.622
lig_101,-6.643
lig_102,-7.118
lig_103,-4.051
lig_104,-4.053
lig_105,-4.275
lig_106,-5.358
lig_107,-3.848
lig_108,-4.122
lig_109,-5.001
lig_11,-3.945
lig_110,-3.873
lig_111,-3.982
lig_112,-5.365
lig_113,-4.05
lig_114,-4.173
lig_115,-5.347
lig_116,-4.835
lig_117,-4.168
lig_118,-4.605
lig_119,-4.597
lig_12,-4.068
lig_120,-4.677
lig_121,NA
lig_122,NA
lig_123,NA
lig_124,-4.805
lig_125,-4.054
lig_126,-4.998
lig_127,-4.552
lig_128,-5.534
lig_129,NA
lig_13,-3.775
lig_130,-5.058
lig_131,-4.953
lig_132,NA
lig_133,NA
lig_134,NA
lig_135,NA
lig_136,NA
lig_137,-5.641
lig_138,-5.007
lig_139,-5.444
lig_14,-4.087
lig_140,-5.879
lig_141,-5.642
lig_142,-6.401
lig_143,-5.624
lig_144,-6.744
lig_145,-5.767
lig_146,-6.471
lig_147,-5.464
lig_148,-6.268
lig_149,-6.685
lig_15,-3.9
lig_150,-5.442
lig_151,-6.367
lig_152,-6.412
lig_153,-6.223
lig_154,-6.503
lig_155,-5.561
lig_156,-6.452
lig_157,-6.668
lig_158,-5.891
lig_159,-6.289
lig_16,-4.112
lig_160,-6.5
lig_161,-7.751
lig_162,-7.357
lig_163,-7.42
lig_164,-7.091
lig_165,-7.456
lig_166,-6.675
lig_167,-7.544
lig_168,-6.459
lig_169,-7.606
lig_17,-4.275
lig_170,-7.507
lig_171,-6.189
lig_172,-6.314
lig_173,-7.266
lig_174,-6.827
lig_175,-7.379
lig_176,-7.117
lig_177,-7.195
lig_178,-7.183
lig_179,-7.485
lig_18,-4.21
lig_180,-7.301
lig_181,-7.657
lig_182,-7.716
lig_183,-6.989
lig_184,-6.691
lig_185,-7.473
lig_186,-8.0
lig_187,NA
lig_188,-4.613
lig_189,-4.93
lig_19,-3.844
lig_190,NA
lig_191,NA
lig_192,NA
lig_193,-4.906
lig_194,NA
lig_195,-3.998
lig_196,-4.086
lig_197,-4.622
lig_198,-6.476
lig_199,-4.051
lig_2,-3.895
lig_20,-4.718
lig_200,-4.552
lig_201,NA
lig_202,NA
lig_203,-4.794
lig_204,-4.553
lig_205,-4.27
lig_206,-4.619
lig_207,-5.498
lig_208,-4.04
lig_209,-5.139
lig_21,-4.96
lig_210,-5.063
lig_211,-5.381
lig_212,-6.018
lig_213,NA
lig_214,NA
lig_215,-6.824
lig_216,-6.824
lig_217,-6.916
lig_218,-5.361
lig_219,-4.882
lig_22,-5.311
lig_220,-4.066
lig_221,NA
lig_222,-4.075
lig_223,-6.158
lig_224,-5.675
lig_225,-5.303
lig_226,-5.823
lig_227,-5.993
lig_228,-6.148
lig_229,-5.414
lig_23,-5.168
lig_230,-5.354
lig_231,-5.754
lig_232,-5.349
lig_233,-5.813
lig_234,-6.28
lig_235,-6.477
lig_236,-6.097
lig_237,NA
lig_238,-4.951
lig_239,-7.905
lig_24,-4.421
lig_240,-6.877
lig_241,-7.005
lig_242,-6.857
lig_243,-5.647
lig_244,-6.181
lig_245,-6.02
lig_246,-6.524
lig_247,-5.948
lig_248,-6.575
lig_249,-7.071
lig_25,-5.292
lig_250,-7.81
lig_251,-8.27
lig_252,-5.854
lig_253,-7.446
lig_254,-6.32
lig_255,-5.934
lig_256,-3.785
lig_257,-3.476
lig_258,-7.971
lig_259,-7.351
lig_26,-5.257
lig_260,-7.274
lig_261,-6.539
lig_262,-7.064
lig_263,-6.871
lig_264,-6.469
lig_265,-6.513
lig_266,-6.893
lig_267,-6.509
lig_268,-6.421
lig_269,-6.476
lig_27,-4.14
lig_270,-6.814
lig_271,-6.86
lig_272,-6.34
lig_273,-6.541
lig_274,-5.984
lig_275,-4.048
lig_276,-6.139
lig_277,-6.933
lig_278,-6.054
lig_279,-6.636
lig_28,-4.262
lig_280,-6.132
lig_281,-5.969
lig_282,-6.46
lig_283,-6.168
lig_284,-7.007
lig_285,-6.327
lig_286,-5.963
lig_287,-5.46
lig_288,-5.665
lig_289,-5.422
lig_29,-4.747
lig_290,-5.437
lig_291,-5.546
lig_292,-5.679
lig_293,-5.435
lig_294,-5.519
lig_295,-5.729
lig_296,-6.165
lig_297,-6.584
lig_298,-6.807
lig_299,-6.506
lig_3,-4.206
lig_30,-4.802
lig_300,-6.323
lig_301,-6.491
lig_302,-5.505
lig_303,-5.426
lig_304,-5.56
lig_305,-5.595
lig_306,-5.392
lig_307,-5.608
lig_308,-5.573
lig_309,-5.533
lig_31,-4.66
lig_310,-6.719
lig_311,-6.825
lig_312,-7.06
lig_313,-6.66
lig_314,-6.403
lig_315,-5.977
lig_316,-5.667
lig_317,-5.545
lig_318,-5.739
lig_319,-6.247
lig_32,-4.432
lig_320,-6.562
lig_321,-6.351
lig_322,-6.284
lig_323,-5.48
lig_324,-5.6
lig_325,-5.397
lig_326,-5.564
lig_327,-6.865
lig_328,-6.129
lig_329,-6.237
lig_33,-4.28
lig_330,-6.077
lig_331,-7.482
lig_332,-6.055
lig_333,-5.633
lig_334,-6.326
lig_335,-6.118
lig_336,-7.279
lig_337,-7.152
lig_338,-7.344
lig_339,-7.241
lig_34,-4.007
lig_340,-8.089
lig_341,-7.086
lig_342,-7.411
lig_343,-7.257
lig_344,-7.852
lig_345,-7.983
lig_346,-7.499
lig_347,-7.287
lig_348,-8.116
lig_349,-8.172
lig_35,-4.18
lig_350,-7.906
lig_351,-8.294
lig_352,-7.626
lig_353,-8.1
lig_354,-8.223
lig_355,-7.154
lig_356,-7.306
lig_357,-7.962
lig_358,-6.303
lig_359,-7.773
lig_36,-5.513
lig_360,-6.009
lig_361,-5.901
lig_362,-5.639
lig_363,-6.667
lig_364,-7.183
lig_365,-6.815
lig_366,-5.991
lig_367,-6.758
lig_368,-7.168
lig_369,-6.9
lig_37,-5.506
lig_370,-6.708
lig_371,-7.146
lig_372,-7.041
lig_373,-6.811
lig_374,-6.514
lig_375,-6.681
lig_376,-6.013
lig_377,-6.065
lig_378,-5.942
lig_379,-5.858
lig_38,-5.506
lig_380,-5.833
lig_381,-5.771
lig_382,-6.049
lig_383,-5.891
lig_384,-5.596
lig_385,-5.776
lig_386,-5.791
lig_387,-5.708
lig_388,-7.275
lig_389,-6.724
lig_39,-5.126
lig_390,-6.72
lig_391,-5.75
lig_392,-6.151
lig_393,-6.13
lig_394,-6.872
lig_395,-5.744
lig_396,-5.71
lig_397,-6.169
lig_398,-7.511
lig_399,-6.462
lig_4,-4.214
lig_40,-5.074
lig_400,-6.869
lig_401,-6.473
lig_402,-4.415
lig_403,-4.955
lig_404,-4.649
lig_405,-6.455
lig_406,-8.295
lig_407,-8.383
lig_408,-8.521
lig_409,-8.416
lig_41,-4.259
lig_410,-7.96
lig_411,-8.461
lig_412,-8.64
lig_413,-7.614
lig_414,-8.72
lig_415,-8.568
lig_416,-8.144
lig_417,-8.718
lig_418,-8.762
lig_419,-7.471
lig_42,NA
lig_420,-8.814
lig_421,-8.846
lig_422,-7.627
lig_423,-8.618
lig_424,-7.85
lig_425,-8.362
lig_426,-8.589
lig_427,-7.67
lig_428,-8.139
lig_429,-8.287
lig_43,-4.489
lig_430,-8.322
lig_431,-8.122
lig_432,-8.569
lig_433,-8.926
lig_434,-8.192
lig_435,-8.517
lig_436,-7.058
lig_437,-8.057
lig_438,-7.747
lig_439,-7.919
lig_44,-5.488
lig_440,-7.827
lig_441,-7.442
lig_442,-5.973
lig_443,-8.346
lig_444,-6.052
lig_445,-6.083
lig_45,-4.14
lig_46,-5.503
lig_47,NA
lig_48,-4.614
lig_49,-5.546
lig_5,-4.432
lig_50,-5.279
lig_51,-5.527
lig_52,-4.86
lig_53,-5.252
lig_54,-4.674
lig_55,-4.257
lig_56,-4.994
lig_57,-4.577
lig_58,-4.884
lig_59,-5.473
lig_6,-4.442
lig_60,-5.141
lig_61,-4.29
lig_62,-4.506
lig_63,-4.982
lig_64,-3.93
lig_65,-4.651
lig_66,-4.777
lig_67,-4.965
lig_68,-4.822
lig_69,-5.563
lig_7,-4.081
lig_70,-5.361
lig_71,-5.66
lig_72,-5.374
lig_73,-6.281
lig_74,-5.258
lig_75,-5.347
lig_76,-4.873
lig_77,-5.491
lig_78,-4.565
lig_79,-5.885
lig_8,-4.008
lig_80,-5.448
lig_81,-5.309
lig_82,-4.077
lig_83,-7.56
lig_84,-6.177
lig_85,-7.105
lig_86,-6.104
lig_87,-6.133
lig_88,-6.391
lig_89,-6.969
lig_9,-4.117
lig_90,-6.519
lig_91,-6.041
lig_92,-6.961
lig_93,-7.01
lig_94,-6.023
lig_95,-6.94
lig_96,-7.493
lig_97,-5.532
lig_98,-7.491
lig_99,-6.208
